campaign_id,window_days,impressions,clicks,transformed_spend,attributed_conversions,cpa_transformed_units
9100693,1,100926.0,39442.0,20.840787765408248,14132.0,0.0014747231648321714
32368244,1,161056.0,77584.0,138.0964212719844,12887.0,0.010715947953129853
15184511,1,256102.0,93175.0,153.82655881254692,12115.0,0.012697198416223436
2869134,1,55796.0,20032.0,3.4419285646991455,8730.0,0.0003942644404008185
10341182,1,437385.0,194847.0,139.16245501548332,7134.0,0.019506932298217455
16184517,1,56866.0,14747.0,8.138200411181774,6845.0,0.0011889262835912016
5544859,1,50808.0,26242.0,6.640215873593798,6317.0,0.0010511660398280509
9100692,1,40265.0,14466.0,6.672558512401246,5622.0,0.0011868656194239143
9100689,1,52153.0,21023.0,17.621725778069635,4884.0,0.003608051961111719
9100690,1,41535.0,12787.0,8.495005983278794,4611.0,0.0018423348478158305
28351001,1,222470.0,138590.0,103.70091685005909,4399.0,0.023573747863164147
26891650,1,30922.0,10998.0,9.805581871268176,4101.0,0.0023910221583194773
9100691,1,42272.0,13765.0,7.103154743856844,3865.0,0.0018378149401958198
17710664,1,30218.0,10030.0,9.968700478358592,3731.0,0.002671857539093699
25920690,1,55096.0,32378.0,12.749021966214833,3483.0,0.0036603565794472675
30801593,1,431587.0,168971.0,25.59630466604754,3406.0,0.007515063025850716
15398570,1,378464.0,135066.0,155.57241355977516,3222.0,0.048284423823642196
29427842,1,239272.0,79009.0,131.0924709210678,2564.0,0.05112810878356778
9106406,1,19642.0,6142.0,5.798340610249378,2389.0,0.0024270994601295007
10474106,1,39851.0,24393.0,21.967018502751763,2271.0,0.009672839499230191
30881002,1,18892.0,5292.0,2.3001483571657855,2167.0,0.0010614436350557385
16922675,1,40899.0,16729.0,5.774257221155249,2124.0,0.0027185768461182908
5061834,1,299755.0,85763.0,141.24441573300024,2091.0,0.06754874018794846
14121532,1,94354.0,38950.0,47.79383567314676,1719.0,0.027803278460236624
31772643,1,195759.0,90476.0,43.04398073002318,1630.0,0.026407350141118516
24843272,1,14579.0,3701.0,1.2081309953302994,1606.0,0.0007522608937299498
14458654,1,36130.0,23043.0,23.84763589207819,1579.0,0.015102999298339576
9106407,1,20877.0,5468.0,3.0120195166948163,1491.0,0.002020133814013961
17686799,1,381084.0,112964.0,79.42984162551126,1400.0,0.05673560116107947
15743382,1,8619.0,2377.0,4.90434763057425,1332.0,0.003681942665596284
18975823,1,217646.0,100798.0,82.15532610817795,1296.0,0.06339145533038422
30491418,1,186644.0,72873.0,119.05152046268385,1280.0,0.09300900036147176
14661605,1,125045.0,41244.0,78.5230919112012,1216.0,0.0645749111111852
23817046,1,88474.0,36883.0,17.500509020411787,1188.0,0.01473106819899982
6810200,1,96929.0,35151.0,4.241893951567948,1183.0,0.003585709172923033
17710661,1,9839.0,3407.0,3.499106151376231,1149.0,0.003045349130875745
29531983,1,13563.0,4153.0,0.5601734460931325,1124.0,0.0004983749520401534
29531970,1,7531.0,2748.0,1.318008332780747,1056.0,0.0012481139514969196
23644447,1,11664.0,4875.0,3.2220678574051895,1047.0,0.0030774287081233903
29880998,1,9789.0,3114.0,4.401306395985237,1039.0,0.004236098552440074
12121528,1,53027.0,20952.0,34.243697131635884,1023.0,0.033473799737669487
3073305,1,8282.0,2333.0,0.42106584806820546,1014.0,0.0004152523156491178
16823030,1,92453.0,31753.0,24.7476338871253,998.0,0.024797228343812927
408759,1,18808.0,8513.0,3.901632685153591,955.0,0.004085479251469729
32452111,1,138682.0,45282.0,21.75478430601769,953.0,0.02282768552572685
7061828,1,143611.0,43944.0,49.22208963488345,945.0,0.05208686733850101
28795042,1,135054.0,38564.0,23.61144292656128,917.0,0.025748574620023206
6686701,1,194059.0,76239.0,68.87468581383688,898.0,0.07669786838957336
30535894,1,72504.0,37200.0,27.457551164019343,856.0,0.03207657846263942
17710659,1,6528.0,1890.0,2.262339862997315,841.0,0.0026900592901276037
13365547,1,38776.0,28104.0,11.684691089739186,817.0,0.014301947478260937
15506599,1,6408.0,2418.0,0.5620002588049584,806.0,0.0006972707925619831
2073328,1,14469.0,2522.0,1.4604535415683488,797.0,0.0018324385716039508
30405203,1,9857.0,6839.0,1.3152595436955918,769.0,0.0017103505119578568
14235907,1,63451.0,26621.0,51.1632678962284,749.0,0.06830876888682029
30368132,1,71181.0,23971.0,48.59824997301885,748.0,0.06497092242382199
27321366,1,110260.0,38174.0,21.520333339709094,671.0,0.032072031802845145
21294794,1,41035.0,17782.0,6.203260581118651,669.0,0.00927243734098453
28752986,1,11586.0,3644.0,3.420191369694861,669.0,0.005112393676673933
6886817,1,65388.0,29746.0,23.124655258279137,669.0,0.03456600188083578
14106384,1,7796.0,2221.0,1.5978008014226683,667.0,0.002395503450408798
20938751,1,35375.0,11710.0,17.763486637588116,663.0,0.026792589196965484
73328,1,12950.0,4218.0,1.0011380024778158,643.0,0.0015569797861241304
3073302,1,8614.0,1847.0,0.35364344346821747,628.0,0.0005631265023379259
9610626,1,39029.0,12430.0,2.7450010031756347,626.0,0.004384985628076094
27777499,1,27804.0,13982.0,6.801279144352236,618.0,0.011005306058822389
9095251,1,31811.0,19456.0,6.600025452373192,612.0,0.01078435531433528
3466867,1,10309.0,3664.0,4.629633887762666,589.0,0.007860159401973967
10013589,1,8385.0,2432.0,1.8854980229379301,580.0,0.0032508586602378107
73327,1,7395.0,1699.0,1.454059257724918,579.0,0.0025113285971069396
19129839,1,90154.0,27237.0,41.17024909656865,544.0,0.07568060495692766
804100,1,19100.0,5698.0,7.6380026089721635,543.0,0.014066303147278386
14106399,1,5346.0,1638.0,2.042082337838235,526.0,0.0038822858133806745
23852329,1,112773.0,36213.0,54.43829981482193,524.0,0.10388988514278995
27118781,1,59614.0,21053.0,20.360785159839008,518.0,0.039306535057604265
28739284,1,61486.0,22298.0,36.57885110528241,505.0,0.07243336852531171
29880997,1,5606.0,1668.0,1.5239029703089961,505.0,0.00301762964417623
6810192,1,2720.0,1280.0,0.803858907672315,500.0,0.0016077178153446302
14289571,1,81357.0,24935.0,14.930393821524799,498.0,0.029980710484989556
2865314,1,77647.0,17219.0,26.264345783740442,495.0,0.05305928441159685
17321082,1,90065.0,33989.0,36.74146963824871,490.0,0.07498259109846675
7121544,1,126687.0,46127.0,39.56847093062871,489.0,0.08091711846754338
2946551,1,48943.0,31811.0,13.042796522897154,481.0,0.02711600108710427
497593,1,191679.0,78565.0,20.475079417699337,479.0,0.042745468512942246
32009848,1,133533.0,32763.0,9.257886966564849,469.0,0.019739631058773664
26852338,1,107659.0,24346.0,14.535177712237168,463.0,0.03139347238064183
19530182,1,107844.0,49832.0,35.319371560078906,459.0,0.07694852191738324
6228543,1,30617.0,9073.0,13.528854772152638,451.0,0.02999746069213445
27589150,1,39009.0,17790.0,10.454505618478546,448.0,0.023335950041246754
24378636,1,123950.0,38110.0,23.87404294407375,439.0,0.05438278574959852
7289590,1,77518.0,25126.0,14.245983902250419,426.0,0.03344127676584605
18091420,1,6732.0,3111.0,4.3039600201630925,417.0,0.01032124705075082
24389111,1,56560.0,18010.0,21.32147972627845,414.0,0.05150115875912669
8980571,1,62535.0,22900.0,9.511791668528144,413.0,0.02303097256302214
11097337,1,26066.0,13308.0,5.288807162663896,408.0,0.01296276265358798
26998428,1,80051.0,26706.0,23.406448314348147,398.0,0.058810171644090824
8867068,1,41027.0,13864.0,6.273922678564872,389.0,0.016128335934614067
8980584,1,37815.0,12607.0,10.732595638390288,386.0,0.02780465191292821
3073303,1,3429.0,913.0,0.1735832158514607,377.0,0.0004604329332929992
12843318,1,54739.0,28323.0,23.995778146405435,376.0,0.06381855890001445
3828354,1,18815.0,5877.0,7.396931027813083,369.0,0.020045883544208897
32368241,1,30140.0,8665.0,8.20840676800733,358.0,0.02292851052516014
8403848,1,85868.0,28973.0,18.171680568566412,356.0,0.05104404654091689
2694554,1,14572.0,6848.0,1.515623757035997,345.0,0.004393112339234773
3073304,1,5064.0,981.0,0.3056008531656989,342.0,0.0008935697460985348
18898397,1,33111.0,10467.0,13.319632291276081,337.0,0.03952413142811893
8980585,1,51909.0,16779.0,12.588861979078192,336.0,0.037466851128208904
13661605,1,47858.0,13999.0,15.41693861506331,335.0,0.046020712283771074
15654897,1,53007.0,23718.0,13.068200986541342,327.0,0.03996391739003469
11959615,1,39801.0,26960.0,15.466239708510344,327.0,0.047297369139175365
11321105,1,33775.0,10077.0,18.787498432809922,325.0,0.05780768748556899
7686710,1,72214.0,27040.0,19.534571621230576,324.0,0.060291887719847455
15422821,1,24946.0,10205.0,7.9052852570021,321.0,0.024627056875395948
31736975,1,34923.0,9006.0,5.581243743006466,321.0,0.017387052158898648
15746419,1,45738.0,18503.0,28.460216608601435,320.0,0.08893817690187948
4869922,1,48085.0,23125.0,27.387653357736855,320.0,0.08558641674292768
3892353,1,37167.0,13109.0,27.34514265586718,317.0,0.0862622796715053
13661608,1,65598.0,21340.0,13.117610392190105,312.0,0.04204362305189136
12700454,1,38880.0,15833.0,9.653701396169494,306.0,0.031548043778331675
30534043,1,7092.0,5236.0,1.4674293686975133,306.0,0.004795520812736972
5686703,1,67793.0,23999.0,15.861514725874333,304.0,0.05217603528248136
5442463,1,14336.0,3722.0,3.0642017880354717,296.0,0.010352033067687404
18975813,1,45793.0,18103.0,8.854100538209849,289.0,0.030637026083771102
28896342,1,36445.0,13012.0,19.886315756985876,284.0,0.07002223858093619
8710016,1,29496.0,11601.0,5.045278410500344,283.0,0.017827838906361637
26321366,1,42947.0,12254.0,5.166530946932092,282.0,0.018321031726709545
2073319,1,3090.0,805.0,0.14280035285570777,280.0,0.0005100012601989563
6781040,1,26999.0,10784.0,2.7212304674064884,278.0,0.009788598803620463
26091094,1,30606.0,10400.0,22.20318212655704,278.0,0.07986756160632029
24126625,1,53878.0,27649.0,9.070622382884205,277.0,0.03274592918008738
6686704,1,55657.0,19330.0,22.29984089291174,274.0,0.08138628063106473
3877975,1,22968.0,13255.0,4.224634154039086,272.0,0.015531743213378994
32323516,1,108748.0,28589.0,22.093695477595247,268.0,0.08243916222983301
21640043,1,51890.0,20618.0,12.207199584256918,260.0,0.04695076763175737
26852339,1,159742.0,32700.0,17.18310176831638,259.0,0.06634402227149182
15654890,1,66911.0,22491.0,7.206038228139303,255.0,0.02825897344368354
10960760,1,21748.0,9606.0,5.698250801668684,252.0,0.022612106355828113
30729721,1,30570.0,8702.0,9.970296660057345,252.0,0.03956466928594184
13710655,1,3599.0,1048.0,1.0000325725791022,251.0,0.003984193516251403
8892339,1,28793.0,10965.0,6.482180703547314,251.0,0.025825421129670574
5044698,1,98550.0,35176.0,13.995507003739142,249.0,0.05620685543670338
2736605,1,35116.0,15394.0,7.668561286836755,242.0,0.03168826978031717
5867090,1,62059.0,19781.0,4.298931230368475,239.0,0.01798715995970073
3828360,1,8613.0,2559.0,1.9220615225753752,238.0,0.008075888750316703
2144729,1,15177.0,1704.0,1.3531199323431347,237.0,0.005709366803135589
29903689,1,5316.0,450.0,0.7045306327614586,236.0,0.0029852992913621127
8892341,1,26370.0,7950.0,9.619569067107998,235.0,0.040934336455778715
15506600,1,2665.0,769.0,0.4927604859905753,235.0,0.0020968531318747885
11289564,1,35239.0,13353.0,7.62596980685713,228.0,0.03344723599498741
787943,1,36050.0,9750.0,13.482769659257581,228.0,0.059134954645866586
12089529,1,29711.0,10639.0,4.919988453705243,225.0,0.02186661534980108
14257845,1,18338.0,7503.0,7.172689513960557,225.0,0.03187862006204692
4913658,1,11225.0,3938.0,2.1690010435073623,221.0,0.009814484359761821
29531976,1,1487.0,450.0,0.11372688777039296,220.0,0.0005169403989563316
21016759,1,17174.0,6196.0,1.9737006452312937,218.0,0.00905367268454722
73325,1,5692.0,1511.0,0.4252947165857514,213.0,0.001996688810261744
17288254,1,37940.0,14047.0,6.787772380728921,212.0,0.032017794248721324
24316983,1,35336.0,15090.0,8.713309190099375,210.0,0.041491948524282736
24867560,1,22048.0,6952.0,6.234124576126545,209.0,0.029828347254193997
2576437,1,128938.0,51628.0,10.899116959615046,209.0,0.05214888497423467
11500306,1,41625.0,17663.0,7.034574794923071,204.0,0.03448320977903466
22391321,1,23606.0,7452.0,12.286487638261775,203.0,0.06052456964660973
32135670,1,56466.0,15178.0,12.597259394820885,197.0,0.06394547916152733
13422843,1,110601.0,41405.0,14.285924038997868,196.0,0.0728873675459075
28137208,1,67033.0,26513.0,12.60501750243305,194.0,0.06497431702285077
16321090,1,28296.0,7129.0,9.134272433278259,194.0,0.04708387852205288
29614011,1,37818.0,14525.0,15.35054524748936,194.0,0.07912652189427505
24843279,1,10357.0,4597.0,3.0348673612785557,192.0,0.01580660083999248
29389116,1,36163.0,11267.0,15.576923436994399,190.0,0.08198380756312841
2716286,1,36531.0,14389.0,9.248831769681868,189.0,0.04893561782900459
27091104,1,15325.0,4781.0,4.459877614570815,189.0,0.02359723605593024
15568932,1,22990.0,8161.0,2.8443324975519957,188.0,0.015129428178468062
3694557,1,3688.0,1961.0,1.390627467634947,186.0,0.0074764917614782095
5121547,1,20336.0,5931.0,15.409887441870037,185.0,0.08329668887497317
26389107,1,41414.0,8071.0,10.602973120865261,185.0,0.05731336822089331
8710017,1,17525.0,6462.0,6.844471804541048,185.0,0.036997144889411075
28729624,1,19275.0,8282.0,5.87830652436657,184.0,0.03194731806720962
29534051,1,17175.0,6011.0,3.7395091527359225,184.0,0.020323419308347405
26372320,1,5264.0,1925.0,2.2328100931948,183.0,0.012201148050244809
6442596,1,23825.0,5520.0,8.016704616563782,180.0,0.04453724786979879
18095238,1,29947.0,7824.0,9.372853025764105,177.0,0.052953971896972346
15491650,1,24952.0,10159.0,10.927882020928283,176.0,0.062090238755274335
13343035,1,17389.0,6423.0,1.5262432709785507,175.0,0.008721390119877433
5871888,1,22314.0,6385.0,0.22313999999999898,172.0,0.0012973255813953429
2828357,1,73432.0,26019.0,30.031212145149336,165.0,0.1820073463342384
25419531,1,52053.0,18094.0,6.8141448754137945,164.0,0.041549663874474355
27614018,1,18027.0,7304.0,2.6578988259587355,161.0,0.016508688359992144
13166099,1,63938.0,15092.0,7.471641164975463,161.0,0.04640770909922647
2390251,1,48641.0,15000.0,8.83460547176157,160.0,0.05521628419850981
30501159,1,12120.0,4248.0,7.03752307349799,158.0,0.04454128527530374
7544834,1,9962.0,1220.0,0.847123978259359,156.0,0.005430281911918968
4828346,1,37316.0,9712.0,9.274128328493985,155.0,0.05983308599028377
21257831,1,21605.0,9122.0,5.2371761336143345,153.0,0.03422990937002833
19602309,1,114778.0,40393.0,18.906606233164702,153.0,0.12357258975924641
4406179,1,13924.0,4387.0,6.919624688380369,151.0,0.04582532906212165
31129938,1,21258.0,6616.0,8.086240881174362,149.0,0.054270073028015856
10002432,1,10561.0,4289.0,6.112713469757349,149.0,0.041024922615821136
25119476,1,16094.0,5232.0,4.153336134139377,149.0,0.027874739155297833
884761,1,20375.0,8282.0,5.412405740176603,148.0,0.036570309055247316
31323522,1,7731.0,1142.0,0.8934033120292557,146.0,0.006119200767323669
13289562,1,37967.0,11993.0,6.5351664189789656,146.0,0.04476141382862305
28729609,1,12652.0,3993.0,4.2599679895958955,145.0,0.02937908958341997
18916124,1,9307.0,2224.0,2.502276550294211,145.0,0.017257079657201455
8500299,1,20444.0,10271.0,16.291980452729995,145.0,0.11235848588089652
27323540,1,21846.0,7647.0,1.5410198399272894,142.0,0.01085225239385415
12843317,1,27166.0,14567.0,16.27939762341956,141.0,0.11545672073347205
9810200,1,29866.0,18502.0,5.101300851961869,139.0,0.03670000612922208
20817326,1,36496.0,15643.0,4.362921778285655,137.0,0.03184614436704857
11803618,1,15887.0,4283.0,2.420344935362902,137.0,0.017666751353013883
28795043,1,42824.0,11250.0,4.149697443841831,136.0,0.030512481204719343
12843316,1,9592.0,6501.0,3.7652373908976737,134.0,0.02809878649923637
30427825,1,14278.0,3498.0,4.343545770586558,131.0,0.03315683794340884
21443086,1,17633.0,6115.0,5.360724573274177,130.0,0.04123634287133982
13947795,1,57717.0,18661.0,26.18052938551054,130.0,0.2013886875808503
9700343,1,10093.0,4388.0,2.566272623027191,128.0,0.02004900486739993
29531977,1,1134.0,314.0,0.1316050394340331,126.0,0.0010444844399526436
18498853,1,45093.0,7341.0,3.389119597674073,125.0,0.027112956781392583
6686703,1,17029.0,5948.0,9.667084221589832,124.0,0.07796035662572445
24119478,1,12200.0,3594.0,4.148635244667972,122.0,0.03400520692350797
20730227,1,14033.0,4299.0,9.846425083100161,122.0,0.08070840232049313
24982961,1,4332.0,2489.0,0.9299658115325736,121.0,0.007685667863905567
13300124,1,19317.0,5808.0,3.9628436144889667,121.0,0.03275077367346253
22891673,1,9334.0,3580.0,6.916353623484702,120.0,0.05763628019570585
15073876,1,91735.0,28077.0,4.692324594871477,118.0,0.03976546266840234
28920697,1,18393.0,9677.0,7.6448256482032155,118.0,0.06478665803562048
4869923,1,15033.0,7822.0,6.601415106665661,117.0,0.05642235133902274
16307476,1,10721.0,3551.0,5.191823430443028,117.0,0.0443745592345558
716288,1,57379.0,18292.0,8.766629929391843,117.0,0.07492846093497302
20097969,1,18568.0,5995.0,3.6284622623149807,115.0,0.031551845759260705
30848316,1,11609.0,3569.0,2.3537395548300943,115.0,0.02046730047678343
3291800,1,25744.0,8787.0,7.670265144967408,113.0,0.06787845261033104
2953716,1,38028.0,14344.0,2.4729306593274103,110.0,0.022481187812067368
17288262,1,18009.0,5211.0,6.724338573129613,110.0,0.06113035066481466
30175072,1,17378.0,5581.0,9.610946726255852,110.0,0.08737224296596229
27729624,1,23205.0,7636.0,9.321758951248093,109.0,0.085520724323377
14118031,1,9778.0,4751.0,6.273637466428979,108.0,0.05808923580026832
29614010,1,12237.0,5046.0,5.112163016984372,108.0,0.0473348427498553
14445192,1,34519.0,8198.0,3.50804841612554,106.0,0.03309479637854283
497590,1,27802.0,8837.0,2.21161985694467,105.0,0.021063046256615908
28864843,1,6352.0,2477.0,4.503273751506782,104.0,0.043300709149103674
26949222,1,11824.0,3593.0,3.8388474026173363,104.0,0.03691199425593593
22431924,1,16858.0,4437.0,3.3541132110656124,104.0,0.03225108856793858
30487330,1,2802.0,1050.0,0.08462233855845933,104.0,0.0008136763322928782
3694556,1,6562.0,3222.0,0.8107160601920527,103.0,0.007871029710602453
604244,1,14701.0,7901.0,0.8131033724681913,102.0,0.00797160169086462
10245630,1,9192.0,3161.0,2.612493593066229,101.0,0.025866273198675536
604249,1,13712.0,6455.0,0.8532861787844048,101.0,0.008448378007766384
27891651,1,23789.0,8908.0,5.512268163078557,101.0,0.054576912505728284
29687343,1,5880.0,2886.0,0.989216251520596,100.0,0.00989216251520596
2407403,1,9382.0,1701.0,0.6871601610785797,100.0,0.006871601610785797
27091101,1,5000.0,1884.0,2.492910097711298,100.0,0.02492910097711298
13462158,1,18588.0,5877.0,8.580293013948499,100.0,0.08580293013948498
22695010,1,6454.0,1996.0,2.5942733826386455,100.0,0.025942733826386455
10383101,1,11380.0,4527.0,2.7261292121086704,98.0,0.027817645021517044
27684173,1,13767.0,4456.0,3.209152222467928,98.0,0.03274645124967274
12100671,1,39019.0,12752.0,6.683368661037029,97.0,0.06890070784574256
5121533,1,11685.0,3377.0,5.512625708660031,97.0,0.05683119287278383
5281156,1,42222.0,12404.0,5.79776604128591,96.0,0.0603933962633949
5121534,1,12508.0,3311.0,5.140188374901122,95.0,0.05410724605159076
6210424,1,21533.0,9509.0,7.091195089597781,95.0,0.07464415883787137
1415896,1,11965.0,4641.0,4.623120446665968,94.0,0.04918213241134009
3406182,1,7111.0,2177.0,1.3218861090109741,92.0,0.014368327271858414
32398755,1,21474.0,8303.0,5.245194592640739,90.0,0.05827993991823043
27323541,1,18707.0,7376.0,2.4949065232079417,90.0,0.027721183591199353
23852330,1,9072.0,3739.0,6.509149546513797,90.0,0.0723238838501533
10491643,1,21645.0,8018.0,2.606021708247782,89.0,0.02928114278930092
5743167,1,7695.0,2887.0,4.750287128157087,88.0,0.053980535547239625
13661597,1,41107.0,14403.0,8.411722517213482,88.0,0.09558775587742593
83677,1,42678.0,12682.0,13.07706866535365,87.0,0.1503111340845247
690012,1,17430.0,3250.0,2.244154407160872,87.0,0.025794878243228413
20640037,1,24747.0,9460.0,5.5980690609099915,87.0,0.06434562138977001
13445189,1,7490.0,2031.0,1.904415636466031,87.0,0.021889834901908403
20922679,1,17202.0,6378.0,5.813386099141908,86.0,0.06759751278071986
31330666,1,8917.0,3393.0,1.8224705040881763,86.0,0.0211915174893974
17491634,1,8755.0,2747.0,1.561771632178054,85.0,0.018373783907977104
15959625,1,24759.0,6735.0,3.581905096749497,85.0,0.04214005996175879
2342814,1,6386.0,2371.0,3.354778372131212,84.0,0.03993783776346681
28071513,1,4902.0,1668.0,2.3766363259018006,84.0,0.028293289594069054
7877971,1,9049.0,3957.0,0.9582449280132487,83.0,0.011545119614617454
20309767,1,6252.0,2535.0,1.177875193929895,83.0,0.014191267396745724
25998433,1,27781.0,9259.0,2.803638985998093,82.0,0.034190719341440155
4293600,1,29383.0,7773.0,3.2923884686438023,81.0,0.04064677121782472
23377306,1,15433.0,4425.0,3.5970988109141246,81.0,0.044408627295236106
20695010,1,19406.0,3518.0,1.0743737445160462,79.0,0.013599667652101851
13576407,1,25560.0,7438.0,3.898245175537418,79.0,0.04934487563971415
13462155,1,11683.0,3788.0,5.05361972638918,79.0,0.06396986995429342
4800911,1,18333.0,7842.0,2.2196529335629256,79.0,0.028096872576745893
10810198,1,9124.0,5752.0,1.5255641793890116,79.0,0.019310938979607742
23530192,1,15183.0,6268.0,7.591257449232371,78.0,0.09732381345169706
18443077,1,16784.0,5556.0,2.0404816976269027,78.0,0.02616002176444747
1341195,1,13543.0,4429.0,1.0556225096855956,78.0,0.013533621919046097
26614024,1,4909.0,1786.0,2.483580122567523,78.0,0.031840770802147735
32398758,1,11209.0,4298.0,3.5585794898225265,77.0,0.0462153180496432
7828339,1,7603.0,2413.0,8.19385625537155,77.0,0.10641371760222793
26998434,1,16229.0,7365.0,3.6372833124202475,77.0,0.04723744561584737
14104562,1,8226.0,2817.0,5.054663460876098,76.0,0.0665087297483697
26091099,1,12603.0,4266.0,5.069532865120512,76.0,0.06670437980421726
31452108,1,4347.0,1354.0,1.4506321231146413,76.0,0.019087264777824228
14576401,1,15752.0,6390.0,6.829091960978543,76.0,0.0898564731707703
29864831,1,4069.0,1569.0,1.6577875513513534,76.0,0.021812994096728332
946549,1,14323.0,4168.0,2.113092489557412,75.0,0.02817456652743216
11028540,1,14355.0,4164.0,1.051989689309448,74.0,0.014216076882560108
29345613,1,20671.0,6270.0,8.16988117685879,73.0,0.11191618050491492
20458055,1,22704.0,5545.0,5.783582835773139,73.0,0.0792271621338786
12002431,1,11658.0,4969.0,1.7334514071255007,72.0,0.024075713987854176
3291799,1,8320.0,2889.0,3.397884359089571,72.0,0.047192838320688484
15321102,1,5236.0,1977.0,3.974666786113005,72.0,0.05520370536268063
12321091,1,7088.0,2188.0,1.9710758775325425,71.0,0.027761632077923135
12042373,1,25557.0,7643.0,2.48508917007672,70.0,0.03550127385823886
12288258,1,14596.0,3899.0,3.886020182322437,69.0,0.05631913307713677
2716294,1,11203.0,4598.0,3.3380095944221395,69.0,0.04837695064379912
12458065,1,9407.0,4263.0,1.6417578155199002,69.0,0.023793591529273916
8407229,1,10567.0,5382.0,2.39205235191908,68.0,0.03517724046939824
21307468,1,11331.0,2433.0,1.5310971525003656,68.0,0.022516134595593613
14891867,1,4189.0,1472.0,1.9433833738711006,68.0,0.028579167262810304
26998432,1,12526.0,4635.0,2.4465951441410785,67.0,0.03651634543494147
8634899,1,4759.0,1761.0,0.6461159228043426,66.0,0.009789635194005192
24045154,1,10092.0,3283.0,3.4832393506027017,66.0,0.05277635379701063
12289574,1,42523.0,15615.0,8.96692980926087,65.0,0.13795276629632108
30752994,1,49911.0,21745.0,8.001536751680218,65.0,0.1231005654104649
17132183,1,13069.0,4713.0,1.7931398829406024,65.0,0.027586767429855424
29091102,1,11139.0,3254.0,1.7309947119966635,64.0,0.027046792374947868
9097339,1,20835.0,7781.0,8.477932513437425,63.0,0.1345703573561496
7351509,1,6314.0,2323.0,6.617826945061285,63.0,0.10504487214382992
2865315,1,20016.0,10702.0,3.224512414571976,63.0,0.05118273673923772
18436526,1,23430.0,6312.0,1.7458908127703407,63.0,0.0277125525836562
17314989,1,11739.0,4080.0,1.7476765552218652,61.0,0.028650435331505988
6442601,1,5163.0,2211.0,0.8443054036973197,61.0,0.013841072191759339
28389117,1,19759.0,5956.0,3.9282927799336282,61.0,0.06439824229399391
23852344,1,5322.0,2413.0,7.363236851566857,61.0,0.1207088008453583
3788051,1,6351.0,1395.0,2.099805720840022,61.0,0.034423044603934784
14466837,1,10023.0,3425.0,3.836290548017397,60.0,0.06393817580028996
26071516,1,7709.0,2875.0,4.29599995136598,60.0,0.071599999189433
31265168,1,8359.0,1459.0,1.9739317324882015,60.0,0.03289886220813669
6697150,1,10818.0,3334.0,2.5172630557248876,60.0,0.04195438426208146
6516505,1,16182.0,6521.0,3.6436580690364675,59.0,0.06175691642434691
15823034,1,5943.0,1980.0,3.838952049869583,58.0,0.06618882844602729
16920604,1,4861.0,1526.0,1.3443453535305079,58.0,0.0231783681643191
1946547,1,10005.0,3420.0,1.2911062062849368,58.0,0.02226045183249891
1341198,1,2841.0,862.0,0.7362567556298938,58.0,0.012694081993618858
29513913,1,10852.0,5200.0,3.5819823252661522,57.0,0.06284179518010793
19661713,1,14715.0,3064.0,4.803167343211683,57.0,0.08426609374055585
7828337,1,3715.0,1283.0,1.9243018753569272,57.0,0.03375968202380574
9042365,1,9071.0,3283.0,4.492780138390182,56.0,0.08022821675696754
29862638,1,6915.0,3054.0,5.056757637084341,56.0,0.09029924351936323
442617,1,11404.0,3129.0,1.869235858358704,55.0,0.033986106515612804
28726401,1,6100.0,1548.0,3.545205040532245,55.0,0.06445827346422263
27990027,1,13636.0,5518.0,2.9727214984916093,55.0,0.05404948179075653
2953712,1,5249.0,1665.0,1.669855789016127,55.0,0.030361014345747762
5177431,1,17900.0,4989.0,2.170648395014027,54.0,0.040197192500259764
18916125,1,5190.0,1247.0,1.5921353498130124,54.0,0.02948398795950023
26534046,1,6203.0,2030.0,1.424073810894653,54.0,0.02637173723878987
29614012,1,12873.0,5291.0,3.7052968096836962,54.0,0.06861660758673511
1130498,1,23247.0,7126.0,8.219443580187145,54.0,0.15221191815161378
23852343,1,11602.0,4851.0,8.079408812291355,54.0,0.14961868170909917
2865319,1,5449.0,1865.0,2.3983612459771226,53.0,0.04525209898070043
22419532,1,39020.0,11980.0,4.475217903819683,53.0,0.08443807365697514
23288223,1,5684.0,2203.0,0.6714653024503501,53.0,0.012669156650006605
24321351,1,10650.0,3536.0,2.8629931192418026,53.0,0.05401873809890193
7075386,1,8661.0,4113.0,1.1078002182581472,53.0,0.02090189091053108
26949223,1,2847.0,982.0,0.9848447614629637,52.0,0.018939322335826226
16422824,1,6004.0,2321.0,2.27684752523493,52.0,0.04378552933144096
12407222,1,10793.0,5100.0,6.657457140732977,52.0,0.12802802193717264
24491616,1,9031.0,4214.0,2.680569696734383,52.0,0.051549417244891975
16920597,1,3842.0,1244.0,1.1525050227661382,52.0,0.02216355813011804
18498193,1,15383.0,3869.0,3.9564176402836426,52.0,0.07608495462083928
29614013,1,14232.0,5972.0,3.63018306308743,52.0,0.06981121275168135
8403843,1,5177.0,1929.0,2.87842789397133,52.0,0.055354382576371736
3884873,1,14775.0,6252.0,0.9695516236811851,51.0,0.01901081615061147
24119481,1,17834.0,4760.0,1.3131119848922177,51.0,0.025747293821416033
14104561,1,10170.0,2893.0,4.917239187297427,51.0,0.09641645465289073
30676250,1,35243.0,9926.0,3.2723955101605595,50.0,0.0654479102032112
3422224,1,6856.0,2030.0,0.9149336651185426,50.0,0.018298673302370852
5316929,1,12876.0,3108.0,1.5987749369343531,49.0,0.032628059937435776
11765782,1,3551.0,1802.0,1.3467904398165917,49.0,0.027485519179930445
26614035,1,5144.0,1675.0,2.233012228526036,49.0,0.045571678133184405
8877963,1,12465.0,5472.0,2.583228623427247,49.0,0.05271895149851524
8904991,1,1462.0,536.0,0.389505250416228,49.0,0.007949086743188326
10462151,1,8126.0,3016.0,3.2227331270313173,48.0,0.06714027347981912
19000595,1,7985.0,2397.0,1.7889249819282618,48.0,0.03726927045683879
31129937,1,4642.0,1596.0,2.8265437989242974,48.0,0.0588863291442562
3406183,1,8107.0,2163.0,2.462077614104895,47.0,0.05238463008733819
1313883,1,5873.0,1718.0,3.3306402779510735,47.0,0.07086468676491646
16491630,1,8078.0,2971.0,2.89372583751315,47.0,0.061568634840705315
7336375,1,6839.0,2390.0,2.0614627169469255,47.0,0.043860908871211184
2865318,1,3989.0,1310.0,2.955701514376418,47.0,0.06288726626332804
73322,1,735.0,222.0,0.11504258728980503,46.0,0.0025009258106479353
24267774,1,8692.0,3644.0,0.8063428016057448,46.0,0.01752919133925532
4406178,1,1789.0,471.0,0.6275699492309075,45.0,0.013945998871797944
22891668,1,16362.0,3347.0,2.3933598586480342,45.0,0.05318577463662298
13770704,1,12260.0,3650.0,1.7313168072589846,45.0,0.03847370682797743
4828354,1,7656.0,2529.0,2.263101561185393,45.0,0.05029114580411985
27031690,1,10370.0,3795.0,0.8055758929902994,44.0,0.018308543022506805
11835565,1,1747.0,653.0,0.18246264339584475,44.0,0.0041468782589964715
9500303,1,11140.0,5425.0,9.841154102590465,44.0,0.2236625932406924
5084322,1,8162.0,3038.0,1.135630040993613,44.0,0.025809773658945753
29687342,1,3215.0,1409.0,0.5752606305739942,44.0,0.013074105240318051
17091415,1,8214.0,2951.0,1.8614538655925397,44.0,0.04230576967255772
27888153,1,15028.0,5264.0,2.9295351804086645,44.0,0.06658034500928783
30471712,1,6690.0,3561.0,1.982647701418589,43.0,0.04610808607950207
17051292,1,2654.0,883.0,1.12540615276885,43.0,0.026172236110903486
4804073,1,3974.0,1470.0,1.0905603291928938,43.0,0.025361868120764974
10321103,1,22396.0,8263.0,14.078519310998818,42.0,0.3352028407380671
32452108,1,10145.0,3079.0,0.6371202951462753,42.0,0.015169530836816079
5612724,1,7141.0,2381.0,2.6922048196218977,42.0,0.06410011475290232
25866076,1,22429.0,8650.0,2.5244263201920965,41.0,0.061571373663221865
28233117,1,1018.0,137.0,0.1308584758029623,41.0,0.003191670141535666
25998432,1,44748.0,14867.0,2.5658987618556153,41.0,0.06258289663062476
26491443,1,5770.0,2565.0,2.459231505235115,41.0,0.05998125622524671
1632450,1,7555.0,2836.0,2.851368331476218,41.0,0.06954556906039557
25998435,1,15596.0,5307.0,4.347358500802617,40.0,0.10868396252006543
17445189,1,5251.0,1532.0,0.7018380701976173,40.0,0.017545951754940434
24982960,1,2885.0,1247.0,0.6998871232907113,40.0,0.017497178082267785
2462355,1,2446.0,1191.0,0.21351165859563134,40.0,0.005337791464890784
15574227,1,8932.0,3400.0,5.63743641953534,40.0,0.1409359104883835
5061823,1,5738.0,2017.0,2.336639246864406,40.0,0.058415981171610155
12845408,1,5695.0,1810.0,0.45756317735470925,40.0,0.011439079433867731
12654888,1,3013.0,1114.0,0.3567754599757793,39.0,0.009148088717327675
9700342,1,3956.0,1687.0,1.5510340745607591,39.0,0.039770104475916904
29513915,1,4174.0,1799.0,1.4497286834010465,39.0,0.037172530343616575
15500296,1,7343.0,1440.0,0.7887662007048069,39.0,0.02022477437704633
26874680,1,11239.0,3352.0,1.471462599737322,39.0,0.03772981024967492
11938638,1,44185.0,12172.0,13.833948802664164,39.0,0.3547166359657478
26389108,1,13571.0,2263.0,4.447904440980814,39.0,0.11404883182002087
28864844,1,4100.0,1369.0,1.983945856539226,38.0,0.05220910148787437
17661711,1,5252.0,2037.0,2.266907005126895,38.0,0.05965544750333934
22589171,1,16614.0,3148.0,3.95343321807343,38.0,0.10403771626509026
9100694,1,6051.0,2319.0,1.320188359621266,38.0,0.03474179893740174
29513908,1,4219.0,1705.0,1.0416478465743777,38.0,0.027411785436167836
7210407,1,3720.0,1926.0,0.43494275855945413,38.0,0.011445862067354056
25172774,1,10909.0,2759.0,0.86550438435529,37.0,0.023392010387980812
6121534,1,8031.0,4322.0,1.2356089721870667,37.0,0.033394837086136935
13300118,1,11747.0,3219.0,2.719503329226483,37.0,0.07350008997909413
13104554,1,10413.0,2959.0,2.5941797797450348,37.0,0.07011296702013607
25843273,1,3198.0,1349.0,0.8968371198408241,37.0,0.02423884107677903
7980574,1,2768.0,1075.0,0.2929196626024576,36.0,0.008136657294512711
7336371,1,5694.0,2007.0,1.2460142736181201,36.0,0.034611507600503334
11387831,1,4855.0,1753.0,0.6714553476637444,36.0,0.01865153743510401
22726403,1,6270.0,1873.0,4.043407544261386,36.0,0.11231687622948296
27385784,1,17125.0,5911.0,1.815792772265968,36.0,0.05043868811849911
28874676,1,48067.0,18497.0,8.34665789608305,36.0,0.23185160822452916
21765872,1,12261.0,4668.0,1.910971915686329,36.0,0.05308255321350914
8214946,1,7536.0,2585.0,1.1160941978511094,36.0,0.031002616606975262
25866075,1,13349.0,3031.0,0.7295523499238594,35.0,0.020844352854967413
11772330,1,11433.0,3303.0,0.954534350013238,35.0,0.02727241000037823
22071675,1,2504.0,1036.0,1.7295795981808582,34.0,0.05086998818178995
14398567,1,4650.0,1307.0,1.320580157953392,34.0,0.03884059288098212
24391301,1,10648.0,2539.0,1.3965910765087781,34.0,0.04107620813261112
25064375,1,11605.0,3145.0,2.568007940923325,34.0,0.07552964532127426
12351511,1,4383.0,1724.0,1.4296150604621523,34.0,0.04204750177829859
23852331,1,4769.0,1659.0,1.8657189491306032,34.0,0.05487408673913539
29175063,1,13020.0,4208.0,2.1334926466454847,34.0,0.0627497837248672
15323491,1,4915.0,1884.0,2.6336208739709717,34.0,0.07745943746973447
31775712,1,9194.0,2662.0,1.8759810701601103,34.0,0.05517591382823854
22451482,1,11991.0,4851.0,3.7615249409284783,33.0,0.11398560427055995
27644431,1,2564.0,296.0,0.23522800757827414,33.0,0.007128121441765883
8695046,1,3105.0,1251.0,0.3899606367713339,33.0,0.011816988993070725
11642017,1,2030.0,564.0,0.814086969048027,33.0,0.024669302092364453
23695013,1,13902.0,3940.0,2.0589514323698026,33.0,0.062392467647569776
22723823,1,15298.0,5858.0,1.9733038449059574,33.0,0.05979708620927144
7299461,1,15028.0,2728.0,2.2792486952086604,33.0,0.06906814227905031
3610770,1,4893.0,2509.0,0.7065544334231362,33.0,0.0214107404067617
15959620,1,9048.0,3673.0,4.719258436775066,32.0,0.1474768261492208
1428788,1,7613.0,3763.0,0.929157701881273,32.0,0.02903617818378978
17916128,1,3458.0,602.0,0.43071423396749414,32.0,0.013459819811484192
32405311,1,2576.0,1206.0,1.58982491474954,32.0,0.049682028585923126
14300126,1,4284.0,1461.0,1.0348937369590583,31.0,0.03338366893416317
3313894,1,11754.0,3953.0,4.314384600418993,31.0,0.13917369678770947
1586481,1,19068.0,5814.0,11.170600922579505,31.0,0.36034196524450013
13466843,1,5367.0,2023.0,2.2280802617303523,31.0,0.07187355683001137
4676898,1,5973.0,1872.0,1.7596599922477294,30.0,0.058655333074924314
16920603,1,1976.0,631.0,0.4515325212578033,30.0,0.015051084041926777
10123946,1,5534.0,2365.0,1.1007713983440661,30.0,0.036692379944802206
29874688,1,5727.0,2001.0,2.10964048854887,30.0,0.07032134961829567
25259856,1,7541.0,1809.0,1.003962919966981,30.0,0.03346543066556604
17435335,1,8476.0,3037.0,2.5563344681871136,30.0,0.08521114893957045
22071674,1,2728.0,1125.0,1.5306588991553207,30.0,0.05102196330517736
20717215,1,15868.0,5102.0,4.209321963176331,30.0,0.1403107321058777
13442454,1,635.0,236.0,0.05540379544132729,29.0,0.001910475704873355
22274902,1,13149.0,1991.0,2.3123164515424515,29.0,0.07973505005318798
13435356,1,1765.0,829.0,0.9201524165674465,29.0,0.03172939367473954
12765785,1,9025.0,2949.0,0.7955233740204607,29.0,0.027431840483464164
31129939,1,5452.0,1662.0,1.4692618745129151,29.0,0.050664202569410864
28031695,1,9532.0,3597.0,0.8796102372986032,29.0,0.030331387493055282
18836888,1,7084.0,1783.0,1.7012585972189478,29.0,0.05866408955927406
23385780,1,14280.0,3931.0,11.347766354953693,29.0,0.39130228810185147
5892331,1,8214.0,2179.0,1.5117590984883853,29.0,0.05212962408580639
26949221,1,6443.0,1919.0,1.0906960769890897,28.0,0.038953431321038914
6015885,1,2700.0,1048.0,1.1013930835880101,28.0,0.03933546727100036
13458071,1,7826.0,2307.0,2.0951060829516397,28.0,0.07482521724827285
26383493,1,8734.0,3678.0,1.2711078971384253,28.0,0.04539671061208662
3877978,1,4686.0,1652.0,0.8765674933908667,28.0,0.03130598190681667
29513916,1,9508.0,4348.0,3.1272104100777267,28.0,0.11168608607420452
22233130,1,17524.0,7301.0,6.886885671903276,28.0,0.24596020256797413
12700456,1,9876.0,3700.0,4.165030213740518,28.0,0.14875107906216137
30471715,1,1607.0,742.0,0.2678796451855528,28.0,0.009567130185198313
14398570,1,3966.0,1295.0,0.7568909683221167,27.0,0.02803299882674506
11843320,1,18463.0,4899.0,1.9265094028520984,27.0,0.07135220010563327
13823055,1,6441.0,1914.0,1.813670793190656,27.0,0.06717299234039466
24936122,1,2089.0,352.0,0.5267338884280611,27.0,0.019508662534372636
3858763,1,1099.0,464.0,0.39027275548217,27.0,0.014454546499339629
16184514,1,634.0,163.0,0.09823339251233912,27.0,0.0036382737967533005
7144711,1,12846.0,3516.0,3.5124145021708086,27.0,0.13008942600632625
28795047,1,2470.0,942.0,1.4188849045810579,27.0,0.0525512927622614
27491436,1,5382.0,1371.0,1.5075551674042165,27.0,0.055835376570526535
32321347,1,3574.0,1105.0,0.56469195709485,27.0,0.020914516929438888
13576416,1,4363.0,1862.0,2.1046527248083153,27.0,0.0779501009188265
31084986,1,4606.0,1677.0,0.7529814333483207,26.0,0.028960824359550795
21658041,1,7037.0,2658.0,2.73198684684064,26.0,0.10507641718617845
30175073,1,10122.0,3586.0,5.453945341279073,26.0,0.20976712851073356
20377297,1,20407.0,6563.0,13.296833666021962,26.0,0.5114166794623831
24526835,1,5747.0,1376.0,1.042531988357565,26.0,0.04009738416759866
289466,1,9196.0,3030.0,2.143085916623181,26.0,0.08242638140858388
21096019,1,22209.0,8216.0,4.576331945627607,25.0,0.18305327782510428
13576413,1,6360.0,2621.0,3.3263766989203516,25.0,0.13305506795681407
25102583,1,13342.0,5906.0,1.1269255234400566,25.0,0.04507702093760226
17686795,1,9671.0,3602.0,2.8127645471549996,25.0,0.11251058188619999
9097340,1,5734.0,2291.0,4.8282119026357835,25.0,0.19312847610543135
1869939,1,5723.0,3366.0,3.063753488162044,25.0,0.12255013952648175
5743152,1,2544.0,785.0,1.3510597376942473,25.0,0.05404238950776989
22445172,1,11242.0,4059.0,1.8780888868056018,25.0,0.07512355547222407
4407386,1,13437.0,3775.0,0.5682618415133739,25.0,0.022730473660534954
26903589,1,2848.0,1257.0,1.2976078250218503,25.0,0.05190431300087402
23330020,1,8636.0,3397.0,3.85299313757885,24.0,0.16054138073245208
18899195,1,3714.0,2228.0,1.0571553786849832,24.0,0.04404814077854097
20916101,1,1742.0,785.0,0.406124101742467,24.0,0.01692183757260279
20530187,1,12494.0,4176.0,2.68942827312198,24.0,0.11205951138008251
29874686,1,7325.0,2833.0,1.5964526993490549,24.0,0.06651886247287729
22496144,1,2109.0,750.0,0.5856241491573431,24.0,0.024401006214889293
7681481,1,12175.0,2846.0,0.7003411785702914,24.0,0.02918088244042881
828346,1,10610.0,3629.0,1.5572597155484447,24.0,0.0648858214811852
26998433,1,6334.0,2462.0,1.2110472872016174,24.0,0.050460303633400726
6886825,1,3248.0,1117.0,0.5017929293896831,24.0,0.02090803872457013
12947794,1,24744.0,6607.0,5.6609726642780105,23.0,0.246129246272957
30328739,1,16396.0,5210.0,10.607090998794764,23.0,0.4611778695128158
26945970,1,4480.0,1847.0,0.5552060423297709,23.0,0.024139393144772647
5700346,1,13267.0,4312.0,3.260837529529337,23.0,0.14177554476214507
31748229,1,2655.0,1482.0,0.4821553548184857,23.0,0.0209632762964559
4814007,1,48054.0,16976.0,7.079048982942787,23.0,0.3077847383888168
8877966,1,2824.0,1259.0,1.4350265260731607,22.0,0.06522847845787094
16294809,1,5015.0,1910.0,0.7184933604906388,22.0,0.03265878911321086
32385772,1,6090.0,1515.0,1.1328301175644246,22.0,0.05149227807111021
5474094,1,2462.0,1023.0,1.6625528802273903,22.0,0.07557058546488138
3858764,1,2548.0,833.0,0.47321344945361954,22.0,0.021509702247891796
3144706,1,29905.0,10527.0,9.983543680091541,21.0,0.475406841909121
26729616,1,4677.0,1603.0,0.7711755659875054,21.0,0.036722645999405015
13661607,1,2307.0,705.0,0.47983233546712184,21.0,0.022849158831767708
31262852,1,1619.0,739.0,0.689071313326386,21.0,0.03281291968220886
28091103,1,2960.0,1070.0,0.6460130521519498,21.0,0.030762526292949992
29874685,1,12173.0,5156.0,3.017480006007117,21.0,0.143689524095577
20898401,1,3599.0,888.0,1.2941095629584072,21.0,0.06162426490278129
5781045,1,3770.0,1588.0,2.2408437929487453,21.0,0.10670684728327358
31491419,1,3747.0,1385.0,3.0068391974056325,20.0,0.15034195987028162
26998439,1,4080.0,1825.0,0.2530073936577015,20.0,0.012650369682885073
27009857,1,7266.0,2081.0,0.9212456331208462,20.0,0.04606228165604231
7403871,1,2328.0,560.0,0.35614971438392895,20.0,0.017807485719196447
29140152,1,6322.0,2763.0,1.175805718639885,20.0,0.05879028593199424
32135680,1,6844.0,2218.0,1.5463512382874487,20.0,0.07731756191437243
1871873,1,3001.0,656.0,0.6403516552910683,20.0,0.032017582764553416
7869916,1,2822.0,924.0,1.3220340321511488,20.0,0.06610170160755743
13947793,1,23920.0,8312.0,5.906291705168564,20.0,0.2953145852584282
15885288,1,6794.0,1995.0,1.300751978894754,19.0,0.06846063046814495
14102485,1,13462.0,4068.0,9.631101432653697,19.0,0.5069000754028261
23330022,1,8116.0,1242.0,1.1478655306688215,19.0,0.06041397529835903
28328731,1,1273.0,126.0,0.09821982453374359,19.0,0.005169464449144399
14006998,1,7238.0,2232.0,3.7823287665014114,19.0,0.19906993507902165
10746437,1,1299.0,430.0,1.051755941079863,19.0,0.055355575846308576
18496278,1,1745.0,162.0,0.12355847694370926,19.0,0.006503077733879435
8403854,1,1886.0,844.0,0.748578857666467,19.0,0.03939888724560353
28752988,1,4102.0,636.0,0.5964872019378489,19.0,0.031394063259886786
32042839,1,1754.0,613.0,0.7825192996941929,19.0,0.041185226299694365
31427832,1,210.0,58.0,0.028580402483889693,19.0,0.001504231709678405
15500294,1,9714.0,1633.0,1.5313371808241645,19.0,0.0805966937275876
15518374,1,603.0,216.0,0.11502828253692708,19.0,0.006054120133522478
24097956,1,5210.0,1497.0,0.849355914349371,19.0,0.04470294286049321
1716282,1,5952.0,1396.0,1.3004458569898583,19.0,0.06844451878893991
29513914,1,4343.0,1568.0,1.0830996587411137,19.0,0.05700524519690072
7892338,1,2730.0,780.0,0.4292462106630424,19.0,0.022591905824370654
8891880,1,6137.0,2112.0,2.9928226472108492,18.0,0.16626792484504718
24045147,1,1237.0,496.0,0.6337295346284629,18.0,0.03520719636824794
11746439,1,2102.0,582.0,1.335499422082479,18.0,0.0741944123379155
19129845,1,4555.0,1047.0,1.3452606588510696,18.0,0.07473670326950387
32137193,1,3412.0,951.0,0.5373418394623486,18.0,0.029852324414574923
15661602,1,10586.0,3680.0,5.845592702984655,18.0,0.3247551501658142
26998435,1,6408.0,1904.0,1.2620806077120497,18.0,0.0701155893173361
11765780,1,1409.0,867.0,0.6104109092555755,18.0,0.0339117171808653
6336377,1,11017.0,3974.0,2.1487900199195353,18.0,0.11937722332886308
4084327,1,929.0,340.0,0.253780033435239,18.0,0.014098890746402169
21898401,1,245.0,129.0,0.08451897404954811,18.0,0.004695498558308229
30676243,1,8380.0,3068.0,2.904899069383887,18.0,0.16138328163243817
22891661,1,5559.0,1957.0,1.5887442993665,18.0,0.08826357218702778
18323505,1,12791.0,4095.0,6.35943162244312,18.0,0.35330175680239556
7336381,1,5296.0,1696.0,0.9645946025904363,17.0,0.05674085897590802
20898399,1,5089.0,1257.0,1.4251122613380955,17.0,0.08383013301988797
10055720,1,1895.0,645.0,1.1423926412669028,17.0,0.06719956713334722
30810420,1,9593.0,3033.0,1.3221448490873642,17.0,0.07777322641690378
26750602,1,4550.0,1338.0,1.5122554397507015,17.0,0.08895620233827656
10810197,1,3064.0,2028.0,0.5100712814642547,17.0,0.0300041930273091
11042365,1,6168.0,2364.0,1.6662872347706803,16.0,0.10414295217316752
16920602,1,2600.0,730.0,1.2128022573332249,16.0,0.07580014108332656
10321092,1,2158.0,830.0,0.7609219593944503,16.0,0.04755762246215314
1632451,1,4179.0,1382.0,2.1047843798274117,16.0,0.13154902373921323
20496139,1,6412.0,1001.0,0.9352948760635016,16.0,0.05845592975396885
7845418,1,5511.0,3072.0,2.016736604382906,16.0,0.1260460377739316
18104558,1,2591.0,1064.0,1.0357561398709147,16.0,0.06473475874193217
3960115,1,1405.0,221.0,0.5075285507390863,16.0,0.031720534421192895
24419530,1,4900.0,2134.0,1.7779179660651416,16.0,0.11111987287907135
28385762,1,4873.0,1398.0,0.5371070922242066,16.0,0.03356919326401291
27009860,1,6755.0,2673.0,3.2092112427830153,15.0,0.21394741618553434
7462178,1,15098.0,4582.0,8.49873982037292,15.0,0.566582654691528
25998434,1,3444.0,1012.0,0.9130875938156291,15.0,0.06087250625437527
12089516,1,4948.0,1629.0,0.40852729439910973,15.0,0.02723515295994065
32135669,1,2620.0,955.0,1.5021827232343157,15.0,0.1001455148822877
25675129,1,10596.0,4187.0,2.6819521540793017,15.0,0.17879681027195343
17661709,1,6185.0,1719.0,3.2062384687331913,15.0,0.21374923124887943
17661707,1,2771.0,818.0,0.8387233288949804,15.0,0.05591488859299869
9551057,1,952.0,339.0,0.2657707122734603,15.0,0.017718047484897352
8403853,1,1038.0,405.0,0.18449399192124308,14.0,0.013178142280088791
21005924,1,1143.0,475.0,1.2909026922200424,14.0,0.09220733515857446
22296560,1,2139.0,730.0,1.0541945834602957,14.0,0.07529961310430684
19860994,1,3578.0,836.0,1.044755519797142,14.0,0.07462539427122443
6513183,1,6753.0,921.0,1.3272351956411994,14.0,0.09480251397437138
12491647,1,10794.0,3742.0,0.7471905281379034,14.0,0.053370752009850246
25045155,1,1264.0,529.0,0.9225280939623681,14.0,0.06589486385445487
336258,1,1227.0,570.0,0.6403202884089425,14.0,0.04573716345778161
7413800,1,4119.0,1565.0,1.7961026885360722,14.0,0.128293049181148
9097334,1,5256.0,1195.0,0.5992489331427199,13.0,0.04609607178020922
27872610,1,3139.0,1162.0,0.9248560897765717,13.0,0.07114277613665937
17314986,1,3167.0,994.0,0.6224199742724623,13.0,0.047878459559420175
23310435,1,3479.0,617.0,0.860691198702183,13.0,0.06620701528478332
26750599,1,2081.0,670.0,0.8750763202253132,12.0,0.07292302668544277
26383495,1,2560.0,927.0,1.3032570800901941,12.0,0.10860475667418285
24045148,1,4924.0,1263.0,0.9205546887573028,12.0,0.07671289072977523
21830168,1,7261.0,2648.0,1.8901014042414763,12.0,0.15750845035345637
24045153,1,2317.0,757.0,0.5644853481245655,12.0,0.04704044567704713
3139444,1,4470.0,1303.0,1.0862287274349376,12.0,0.09051906061957814
23346188,1,3736.0,1383.0,1.3797715148218799,12.0,0.11498095956848998
6316933,1,2340.0,601.0,0.4595517348054239,12.0,0.03829597790045199
2077112,1,8596.0,2516.0,1.9262145142221043,12.0,0.16051787618517535
10686810,1,2888.0,1021.0,0.4527719913460617,12.0,0.037730999278838474
12513174,1,4727.0,492.0,0.8519694751199229,11.0,0.07745177046544754
28257820,1,1955.0,500.0,0.5532928272249985,11.0,0.05029934792954532
6697149,1,5575.0,1688.0,1.387864472945745,11.0,0.12616949754052229
24942663,1,2802.0,733.0,0.8397265066450875,11.0,0.0763387733313716
14458669,1,5371.0,1477.0,0.3569874239031706,11.0,0.03245340217301551
3892354,1,3860.0,829.0,0.4702593860068858,10.0,0.047025938600688585
12810171,1,1342.0,390.0,0.15660136770742497,10.0,0.015660136770742496
17132179,1,3678.0,751.0,1.4277067916403916,10.0,0.14277067916403915
7828336,1,1824.0,580.0,1.8585964688764989,10.0,0.1858596468876499
12987593,1,13196.0,5185.0,4.978226113680953,9.0,0.5531362348534392
12042241,1,1113.0,424.0,0.21567934181383325,9.0,0.023964371312648138
16506604,1,3748.0,1217.0,1.68459611756763,9.0,0.18717734639640335
16040127,1,2545.0,498.0,0.24669139202108342,9.0,0.02741015466900927
12843319,1,1874.0,901.0,0.5327283462313611,9.0,0.05919203847015123
9013587,1,16055.0,5394.0,3.1336004146604957,9.0,0.3481778238511662
4466870,1,7170.0,1957.0,1.336191701659756,8.0,0.1670239627074695
20445163,1,3850.0,1318.0,0.6403493793779318,8.0,0.08004367242224147
29036280,1,1005.0,377.0,0.38093893594624995,8.0,0.04761736699328124
8287704,1,858.0,221.0,0.12665075286370248,8.0,0.01583134410796281
21443097,1,473.0,146.0,0.03953558040219119,8.0,0.004941947550273899
13458070,1,2297.0,930.0,1.1152400093011714,7.0,0.15932000132873878
4626334,1,5578.0,1749.0,1.1618767411501165,6.0,0.19364612352501942
6341185,1,1325.0,249.0,0.24600529130730217,6.0,0.04100088188455036
23254639,1,1555.0,649.0,0.2528825484426983,6.0,0.04214709140711639
25391297,1,1067.0,325.0,0.3136254885077858,6.0,0.05227091475129764
1869938,1,2575.0,1178.0,0.8281049948639354,5.0,0.1656209989727871
7697146,1,2897.0,1049.0,0.5832818735811022,5.0,0.11665637471622044
27009843,1,2906.0,784.0,0.10381421827690299,4.0,0.025953554569225747
13810178,1,943.0,376.0,0.5618694331682269,4.0,0.14046735829205673
12474087,1,2450.0,809.0,0.7485652369544893,4.0,0.18714130923862232
13442441,1,127.0,24.0,0.006761745038249798,3.0,0.0022539150127499326
20843295,1,1305.0,416.0,0.49015487292136783,3.0,0.16338495764045594
20443097,1,207.0,50.0,0.01299745330182089,2.0,0.006498726650910445
13442456,1,20.0,7.0,0.0020936460226243,1.0,0.0020936460226243
12987592,1,2067.0,696.0,0.44514354504124426,0.0,
9100693,7,100926.0,39442.0,20.840787765408248,16375.0,0.0012727198635363816
32368244,7,161056.0,77584.0,138.0964212719844,16314.0,0.00846490261566657
15184511,7,256102.0,93175.0,153.82655881254692,16147.0,0.009526633976128502
10341182,7,437385.0,194847.0,139.16245501548332,15356.0,0.009062415669151037
2869134,7,55796.0,20032.0,3.4419285646991455,9600.0,0.00035853422548949435
5544859,7,50808.0,26242.0,6.640215873593798,7228.0,0.0009186795619249859
16184517,7,56866.0,14747.0,8.138200411181774,7015.0,0.0011601140999546364
30801593,7,431587.0,168971.0,25.59630466604754,6896.0,0.0037117611174662907
9100692,7,40265.0,14466.0,6.672558512401246,6420.0,0.0010393393321497268
15398570,7,378464.0,135066.0,155.57241355977516,6029.0,0.02580401618175073
9100689,7,52153.0,21023.0,17.621725778069635,5762.0,0.003058265494284907
28351001,7,222470.0,138590.0,103.70091685005909,5656.0,0.018334674124833642
9100690,7,41535.0,12787.0,8.495005983278794,5407.0,0.001571112628681116
26891650,7,30922.0,10998.0,9.805581871268176,4749.0,0.00206476771346982
25920690,7,55096.0,32378.0,12.749021966214833,4645.0,0.0027446764189913526
9100691,7,42272.0,13765.0,7.103154743856844,4456.0,0.0015940652477237083
29427842,7,239272.0,79009.0,131.0924709210678,4397.0,0.029814071166947415
17710664,7,30218.0,10030.0,9.968700478358592,4210.0,0.002367862346403466
5061834,7,299755.0,85763.0,141.24441573300024,3923.0,0.03600418448457819
16922675,7,40899.0,16729.0,5.774257221155249,3421.0,0.0016878857705803125
14121532,7,94354.0,38950.0,47.79383567314676,3294.0,0.014509361163675398
31772643,7,195759.0,90476.0,43.04398073002318,3067.0,0.014034555177705634
18975823,7,217646.0,100798.0,82.15532610817795,2937.0,0.027972531872038797
6810200,7,96929.0,35151.0,4.241893951567948,2707.0,0.001567009217424436
9106406,7,19642.0,6142.0,5.798340610249378,2669.0,0.0021724768116333374
10474106,7,39851.0,24393.0,21.967018502751763,2569.0,0.008550805178182859
30881002,7,18892.0,5292.0,2.3001483571657855,2433.0,0.0009453959544454523
17686799,7,381084.0,112964.0,79.42984162551126,2379.0,0.033387911570202294
30491418,7,186644.0,72873.0,119.05152046268385,2189.0,0.05438625877692273
24843272,7,14579.0,3701.0,1.2081309953302994,2180.0,0.0005541885299680273
23817046,7,88474.0,36883.0,17.500509020411787,2140.0,0.008177807953463451
12121528,7,53027.0,20952.0,34.243697131635884,2081.0,0.016455404676422817
14458654,7,36130.0,23043.0,23.84763589207819,1954.0,0.012204521950910025
28795042,7,135054.0,38564.0,23.61144292656128,1906.0,0.012387955365457125
14661605,7,125045.0,41244.0,78.5230919112012,1899.0,0.04134970611437662
9106407,7,20877.0,5468.0,3.0120195166948163,1789.0,0.0016836330445471304
32452111,7,138682.0,45282.0,21.754784306017687,1745.0,0.012466925103735064
6686701,7,194059.0,76239.0,68.87468581383688,1710.0,0.04027759404317946
7061828,7,143611.0,43944.0,49.22208963488345,1670.0,0.029474305170588893
16823030,7,92453.0,31753.0,24.7476338871253,1649.0,0.015007661544648453
408759,7,18808.0,8513.0,3.901632685153591,1428.0,0.0027322357739170806
13365547,7,38776.0,28104.0,11.684691089739186,1360.0,0.008591684624808225
15743382,7,8619.0,2377.0,4.90434763057425,1354.0,0.0036221178955496676
17710661,7,9839.0,3407.0,3.499106151376231,1318.0,0.00265486050939016
29531983,7,13563.0,4153.0,0.5601734460931325,1315.0,0.0004259874114776673
30535894,7,72504.0,37200.0,27.457551164019343,1315.0,0.02088026704488163
14235907,7,63451.0,26621.0,51.1632678962284,1288.0,0.03972303408092267
6886817,7,65388.0,29746.0,23.124655258279137,1263.0,0.018309307409563845
9610626,7,39029.0,12430.0,2.7450010031756347,1225.0,0.0022408171454494975
29880998,7,9789.0,3114.0,4.401306395985237,1186.0,0.0037110509241022236
23644447,7,11664.0,4875.0,3.2220678574051895,1158.0,0.0027824420184846196
30368132,7,71181.0,23971.0,48.59824997301885,1156.0,0.04204000862717894
30405203,7,9857.0,6839.0,1.3152595436955918,1148.0,0.0011456964666337907
29531970,7,7531.0,2748.0,1.318008332780747,1129.0,0.0011674121636676236
27777499,7,27804.0,13982.0,6.801279144352236,1123.0,0.006056348303074119
3073305,7,8282.0,2333.0,0.42106584806820546,1118.0,0.00037662419326315336
20938751,7,35375.0,11710.0,17.763486637588116,1063.0,0.016710711794532564
27321366,7,110260.0,38174.0,21.520333339709094,1062.0,0.02026396736319124
21294794,7,41035.0,17782.0,6.203260581118651,1052.0,0.0058966355333827485
7121544,7,126687.0,46127.0,39.56847093062871,995.0,0.039767307467968555
17710659,7,6528.0,1890.0,2.262339862997315,963.0,0.0023492625783980425
27118781,7,59614.0,21053.0,20.360785159839008,962.0,0.021165057338709988
497593,7,191679.0,78565.0,20.475079417699337,952.0,0.021507436363129556
26852338,7,107659.0,24346.0,14.53517771223717,908.0,0.016007904969424197
2073328,7,14469.0,2522.0,1.4604535415683488,884.0,0.0016520967664800327
23852329,7,112773.0,36213.0,54.43829981482193,866.0,0.06286177807716159
28752986,7,11586.0,3644.0,3.420191369694861,856.0,0.00399555066553138
15506599,7,6408.0,2418.0,0.5620002588049584,843.0,0.0006666669736713623
2865314,7,77647.0,17219.0,26.264345783740445,837.0,0.0313791466950304
19129839,7,90154.0,27237.0,41.170249096568654,832.0,0.04948347247183733
6228543,7,30617.0,9073.0,13.528854772152638,817.0,0.016559185767628687
17321082,7,90065.0,33989.0,36.74146963824871,812.0,0.04524811531804028
28739284,7,61486.0,22298.0,36.57885110528241,812.0,0.04504784618877144
26852339,7,159742.0,32700.0,17.183101768316384,798.0,0.02153270898285261
14106384,7,7796.0,2221.0,1.5978008014226683,788.0,0.0020276659916531325
14289571,7,81357.0,24935.0,14.930393821524799,784.0,0.019043869670312245
3466867,7,10309.0,3664.0,4.629633887762666,783.0,0.005912686957551298
9095251,7,31811.0,19456.0,6.600025452373192,781.0,0.008450736814818427
11097337,7,26066.0,13308.0,5.288807162663898,764.0,0.006922522464219761
8867068,7,41027.0,13864.0,6.273922678564872,759.0,0.00826603778467045
32009848,7,133533.0,32763.0,9.257886966564849,754.0,0.012278364677141709
2946551,7,48943.0,31811.0,13.042796522897154,741.0,0.017601614740751895
8980584,7,37815.0,12607.0,10.732595638390288,729.0,0.014722353413429751
3073302,7,8614.0,1847.0,0.35364344346821747,724.0,0.0004884577948456042
73328,7,12950.0,4218.0,1.0011380024778158,707.0,0.001416036778610772
8980571,7,62535.0,22900.0,9.511791668528144,707.0,0.013453736447706002
8403848,7,85868.0,28973.0,18.17168056856641,704.0,0.025812046262168195
27589150,7,39009.0,17790.0,10.454505618478546,692.0,0.015107667078726222
804100,7,19100.0,5698.0,7.6380026089721635,688.0,0.011101747978157215
24378636,7,123950.0,38110.0,23.87404294407375,676.0,0.035316631574073595
7289590,7,77518.0,25126.0,14.245983902250419,650.0,0.02191689831115449
10013589,7,8385.0,2432.0,1.8854980229379301,649.0,0.0029052357826470417
26998428,7,80051.0,26706.0,23.406448314348147,649.0,0.036065405723186665
73327,7,7395.0,1699.0,1.454059257724918,627.0,0.0023190737762757863
6810192,7,2720.0,1280.0,0.803858907672315,626.0,0.0012841196608183946
15422821,7,24946.0,10205.0,7.9052852570021,619.0,0.012771058573509046
12843318,7,54739.0,28323.0,23.995778146405435,616.0,0.03895418530260623
19530182,7,107844.0,49832.0,35.319371560078906,612.0,0.05771139143803743
8980585,7,51909.0,16779.0,12.588861979078192,611.0,0.020603702093417664
14106399,7,5346.0,1638.0,2.042082337838235,609.0,0.0033531729685356893
32368241,7,30140.0,8665.0,8.20840676800733,596.0,0.013772494577193508
24389111,7,56560.0,18010.0,21.32147972627845,583.0,0.036572006391558234
31736975,7,34923.0,9006.0,5.581243743006465,575.0,0.009706510857402548
18091420,7,6732.0,3111.0,4.3039600201630925,573.0,0.007511274031698242
5442463,7,14336.0,3722.0,3.0642017880354717,568.0,0.005394721457808929
29880997,7,5606.0,1668.0,1.5239029703089961,560.0,0.002721255304123207
13661605,7,47858.0,13999.0,15.41693861506331,560.0,0.02753024752689877
8710016,7,29496.0,11601.0,5.045278410500344,559.0,0.009025542773703656
6686704,7,55657.0,19330.0,22.29984089291174,552.0,0.04039826248715895
15654897,7,53007.0,23718.0,13.068200986541342,551.0,0.023717243169766502
12700454,7,38880.0,15833.0,9.653701396169494,539.0,0.017910392200685517
7686710,7,72214.0,27040.0,19.534571621230576,535.0,0.036513217983608556
18975813,7,45793.0,18103.0,8.85410053820985,533.0,0.016611820897204223
6781040,7,26999.0,10784.0,2.7212304674064884,531.0,0.005124727810558359
26091094,7,30606.0,10400.0,22.203182126557035,525.0,0.04229177547915626
3828354,7,18815.0,5877.0,7.396931027813083,508.0,0.014560887850025754
26321366,7,42947.0,12254.0,5.166530946932092,507.0,0.01019039634503371
3892353,7,37167.0,13109.0,27.34514265586718,507.0,0.05393519261512264
24126625,7,53878.0,27649.0,9.070622382884201,503.0,0.018033046486847316
18898397,7,33111.0,10467.0,13.319632291276081,500.0,0.026639264582552162
11321105,7,33775.0,10077.0,18.787498432809922,494.0,0.03803137334576907
13661608,7,65598.0,21340.0,13.117610392190105,493.0,0.02660772899024362
15746419,7,45738.0,18503.0,28.460216608601435,493.0,0.057728634094526235
4869922,7,48085.0,23125.0,27.387653357736855,488.0,0.05612224048716569
30534043,7,7092.0,5236.0,1.4674293686975133,482.0,0.0030444592711566664
30729721,7,30570.0,8702.0,9.970296660057345,475.0,0.020990098231699676
5686703,7,67793.0,23999.0,15.861514725874333,462.0,0.03433228295643795
12089529,7,29711.0,10639.0,4.919988453705243,448.0,0.01098211708416349
2694554,7,14572.0,6848.0,1.5156237570359972,442.0,0.0034290130249683194
4913658,7,11225.0,3938.0,2.1690010435073623,442.0,0.0049072421798809105
32323516,7,108748.0,28589.0,22.093695477595247,441.0,0.050099082715635485
28896342,7,36445.0,13012.0,19.886315756985876,426.0,0.04668149238729079
15654890,7,66911.0,22491.0,7.206038228139303,424.0,0.01699537317957383
2736605,7,35116.0,15394.0,7.668561286836755,420.0,0.018258479254373225
2576437,7,128938.0,51628.0,10.899116959615046,420.0,0.02595027847527392
11959615,7,39801.0,26960.0,15.466239708510345,418.0,0.03700057346533575
8892341,7,26370.0,7950.0,9.619569067107998,417.0,0.023068510952297356
8892339,7,28793.0,10965.0,6.482180703547314,403.0,0.016084815641556612
3073303,7,3429.0,913.0,0.1735832158514607,401.0,0.0004328758500036426
21640043,7,51890.0,20618.0,12.207199584256918,394.0,0.030982740061565782
3073304,7,5064.0,981.0,0.3056008531656989,383.0,0.0007979134547407282
5044698,7,98550.0,35176.0,13.995507003739142,382.0,0.03663745288936948
15491650,7,24952.0,10159.0,10.927882020928283,377.0,0.028986424458695714
11289564,7,35239.0,13353.0,7.62596980685713,372.0,0.020499918835637447
24867560,7,22048.0,6952.0,6.234124576126545,368.0,0.01694055591338735
17288254,7,37940.0,14047.0,6.787772380728921,365.0,0.01859663665953129
5867090,7,62059.0,19781.0,4.298931230368475,361.0,0.011908396760023476
21016759,7,17174.0,6196.0,1.9737006452312937,361.0,0.0054673148067348855
24843279,7,10357.0,4597.0,3.0348673612785557,360.0,0.008430187114662655
787943,7,36050.0,9750.0,13.482769659257581,358.0,0.037661367763289336
15568932,7,22990.0,8161.0,2.8443324975519957,356.0,0.007989698026831448
24316983,7,35336.0,15090.0,8.713309190099375,355.0,0.024544532929857393
14257845,7,18338.0,7503.0,7.172689513960557,350.0,0.020493398611315876
26389107,7,41414.0,8071.0,10.602973120865261,350.0,0.030294208916757888
13343035,7,17389.0,6423.0,1.5262432709785507,349.0,0.00437318988819069
3877975,7,22968.0,13255.0,4.224634154039086,348.0,0.01213975331620427
29389116,7,36163.0,11267.0,15.576923436994399,345.0,0.04515050271592579
16321090,7,28296.0,7129.0,9.134272433278259,345.0,0.026476151980516692
3828360,7,8613.0,2559.0,1.9220615225753752,336.0,0.005720421198140997
10960760,7,21748.0,9606.0,5.698250801668685,331.0,0.017215259219542856
32135670,7,56466.0,15178.0,12.597259394820885,330.0,0.038173513317639046
13422843,7,110601.0,41405.0,14.285924038997868,323.0,0.04422886699380145
18095238,7,29947.0,7824.0,9.372853025764103,321.0,0.029198919083377267
6442596,7,23825.0,5520.0,8.016704616563782,318.0,0.025209762945169127
28795043,7,42824.0,11250.0,4.149697443841831,316.0,0.013131953936208324
29903689,7,5316.0,450.0,0.7045306327614586,315.0,0.0022366051833697096
22391321,7,23606.0,7452.0,12.286487638261775,309.0,0.03976209591670477
2073319,7,3090.0,805.0,0.14280035285570777,306.0,0.0004666678197898947
5121547,7,20336.0,5931.0,15.409887441870037,300.0,0.05136629147290012
28137208,7,67033.0,26513.0,12.605017502433054,299.0,0.0421572491720169
11500306,7,41625.0,17663.0,7.034574794923071,294.0,0.023927125152799558
8710017,7,17525.0,6462.0,6.844471804541048,293.0,0.023359972029150335
13710655,7,3599.0,1048.0,1.0000325725791022,293.0,0.0034130804524884033
25419531,7,52053.0,18094.0,6.8141448754137945,289.0,0.023578355970289948
2716286,7,36531.0,14389.0,9.248831769681868,286.0,0.03233857262126527
31129938,7,21258.0,6616.0,8.086240881174358,286.0,0.02827356951459566
2144729,7,15177.0,1704.0,1.3531199323431347,283.0,0.00478134251711355
28729624,7,19275.0,8282.0,5.87830652436657,283.0,0.020771401146171625
13166099,7,63938.0,15092.0,7.471641164975463,277.0,0.026973433808575677
27091104,7,15325.0,4781.0,4.459877614570814,277.0,0.016100641207836875
29534051,7,17175.0,6011.0,3.7395091527359225,276.0,0.013548946205564938
26372320,7,5264.0,1925.0,2.2328100931948,275.0,0.008119309429799272
2390251,7,48641.0,15000.0,8.83460547176157,274.0,0.0322430856633634
29614011,7,37818.0,14525.0,15.35054524748936,272.0,0.0564358281157697
28920697,7,18393.0,9677.0,7.6448256482032155,266.0,0.02873994604587675
19602309,7,114778.0,40393.0,18.9066062331647,262.0,0.07216261921055228
2828357,7,73432.0,26019.0,30.03121214514934,256.0,0.11730942244198961
4828346,7,37316.0,9712.0,9.274128328493985,256.0,0.03622706378317963
5871888,7,22314.0,6385.0,0.22313999999999898,254.0,0.00087850393700787
13289562,7,37967.0,11993.0,6.535166418978966,253.0,0.025830697308217257
3694557,7,3688.0,1961.0,1.390627467634947,253.0,0.005496551255474099
9810200,7,29866.0,18502.0,5.101300851961869,249.0,0.02048715201591112
73325,7,5692.0,1511.0,0.4252947165857514,247.0,0.0017218409578370502
30501159,7,12120.0,4248.0,7.03752307349799,243.0,0.028961000302460866
20817326,7,36496.0,15643.0,4.362921778285655,242.0,0.018028602389610144
15506600,7,2665.0,769.0,0.4927604859905753,242.0,0.002036200355332956
12843317,7,27166.0,14567.0,16.279397623419555,240.0,0.06783082343091482
30848316,7,11609.0,3569.0,2.3537395548300943,239.0,0.009848282656192864
29531976,7,1487.0,450.0,0.11372688777039296,239.0,0.000475844718704573
11803618,7,15887.0,4283.0,2.420344935362902,232.0,0.010432521273115957
27323540,7,21846.0,7647.0,1.5410198399272896,228.0,0.006758858947049516
15073876,7,91735.0,28077.0,4.692324594871477,225.0,0.020854775977206565
5281156,7,42222.0,12404.0,5.79776604128591,225.0,0.02576784907238182
13300124,7,19317.0,5808.0,3.9628436144889667,222.0,0.017850646912112463
21257831,7,21605.0,9122.0,5.2371761336143345,221.0,0.023697629563865768
24119478,7,12200.0,3594.0,4.148635244667972,220.0,0.018857432930308962
4406179,7,13924.0,4387.0,6.919624688380369,219.0,0.03159645976429393
13947795,7,57717.0,18661.0,26.18052938551054,217.0,0.12064760085488728
14445192,7,34519.0,8198.0,3.5080484161255403,216.0,0.016240964889470095
10002432,7,10561.0,4289.0,6.112713469757349,213.0,0.02869818530402511
6210424,7,21533.0,9509.0,7.091195089597781,213.0,0.03329199572581118
28729609,7,12652.0,3993.0,4.2599679895958955,207.0,0.02057955550529418
26949222,7,11824.0,3593.0,3.8388474026173363,206.0,0.018635181566103574
10245630,7,9192.0,3161.0,2.612493593066229,200.0,0.013062467965331146
6686703,7,17029.0,5948.0,9.667084221589832,199.0,0.04857831267130569
8500299,7,20444.0,10271.0,16.29198045272999,199.0,0.08186924850618085
25119476,7,16094.0,5232.0,4.153336134139377,198.0,0.020976445121916047
3291800,7,25744.0,8787.0,7.670265144967408,197.0,0.038935356065824406
27729624,7,23205.0,7636.0,9.321758951248095,196.0,0.047559994649224974
497590,7,27802.0,8837.0,2.21161985694467,196.0,0.01128377478032995
884761,7,20375.0,8282.0,5.412405740176605,194.0,0.02789899866070415
20730227,7,14033.0,4299.0,9.846425083100161,194.0,0.050754768469588464
716288,7,57379.0,18292.0,8.766629929391843,193.0,0.045422953002030274
22891673,7,9334.0,3580.0,6.9163536234847,193.0,0.03583602913722642
29687343,7,5880.0,2886.0,0.989216251520596,191.0,0.005179142678118304
9700343,7,10093.0,4388.0,2.5662726230271913,186.0,0.013797164639931137
2953716,7,38028.0,14344.0,2.4729306593274103,184.0,0.013439840539822882
21443086,7,17633.0,6115.0,5.360724573274176,184.0,0.029134372680837912
5121533,7,11685.0,3377.0,5.512625708660031,183.0,0.030123637752240605
27614018,7,18027.0,7304.0,2.6578988259587355,182.0,0.014603839703069976
27891651,7,23789.0,8908.0,5.512268163078557,181.0,0.030454520238003074
16307476,7,10721.0,3551.0,5.191823430443028,181.0,0.02868410735051397
4869923,7,15033.0,7822.0,6.601415106665661,181.0,0.03647190666666111
2407403,7,9382.0,1701.0,0.6871601610785797,178.0,0.0038604503431380883
13462158,7,18588.0,5877.0,8.580293013948497,178.0,0.04820389333678931
17288262,7,18009.0,5211.0,6.724338573129613,174.0,0.03864562398350352
12843316,7,9592.0,6501.0,3.7652373908976737,173.0,0.021764377982067477
5121534,7,12508.0,3311.0,5.140188374901122,173.0,0.02971207153122036
18916124,7,9307.0,2224.0,2.502276550294211,173.0,0.014464026302278676
7544834,7,9962.0,1220.0,0.847123978259359,172.0,0.004925139408484646
20097969,7,18568.0,5995.0,3.6284622623149807,171.0,0.021219077557397548
22431924,7,16858.0,4437.0,3.3541132110656124,170.0,0.01973007771215066
30427825,7,14278.0,3498.0,4.343545770586558,167.0,0.026009256111296754
22695010,7,6454.0,1996.0,2.594273382638646,165.0,0.015722868985688764
27684173,7,13767.0,4456.0,3.209152222467928,164.0,0.019568001356511756
12100671,7,39019.0,12752.0,6.683368661037029,164.0,0.040752247933152616
30175072,7,17378.0,5581.0,9.610946726255852,162.0,0.059326831643554644
31323522,7,7731.0,1142.0,0.8934033120292557,162.0,0.00551483525943985
604244,7,14701.0,7901.0,0.8131033724681913,161.0,0.00505033150601361
20922679,7,17202.0,6378.0,5.813386099141908,160.0,0.03633366311963693
3406182,7,7111.0,2177.0,1.3218861090109741,159.0,0.008313749113276567
14118031,7,9778.0,4751.0,6.273637466428979,159.0,0.03945683941150301
4293600,7,29383.0,7773.0,3.2923884686438023,156.0,0.02110505428617822
24982961,7,4332.0,2489.0,0.9299658115325736,156.0,0.005961319304695985
32398758,7,11209.0,4298.0,3.5585794898225265,154.0,0.0231076590248216
690012,7,17430.0,3250.0,2.244154407160872,154.0,0.014572431215330339
10383101,7,11380.0,4527.0,2.7261292121086704,153.0,0.01781783798763837
18498853,7,45093.0,7341.0,3.389119597674073,151.0,0.022444500646848164
20640037,7,24747.0,9460.0,5.5980690609099915,150.0,0.03732046040606661
32398755,7,21474.0,8303.0,5.245194592640739,150.0,0.034967963950938256
23852330,7,9072.0,3739.0,6.509149546513795,150.0,0.04339433031009197
13462155,7,11683.0,3788.0,5.05361972638918,149.0,0.03391691091536363
3694556,7,6562.0,3222.0,0.8107160601920527,146.0,0.005552849727342827
83677,7,42678.0,12682.0,13.07706866535365,144.0,0.09081297684273368
13661597,7,41107.0,14403.0,8.411722517213482,144.0,0.0584147397028714
11028540,7,14355.0,4164.0,1.051989689309448,142.0,0.007408378093728507
29531977,7,1134.0,314.0,0.1316050394340331,141.0,0.0009333690740002347
27323541,7,18707.0,7376.0,2.4949065232079417,140.0,0.017820760880056727
29614010,7,12237.0,5046.0,5.112163016984372,140.0,0.03651545012131694
4800911,7,18333.0,7842.0,2.2196529335629256,139.0,0.01596872614074047
15959625,7,24759.0,6735.0,3.581905096749497,139.0,0.02576910141546401
17314989,7,11739.0,4080.0,1.747676555221865,138.0,0.012664322863926557
1415896,7,11965.0,4641.0,4.623120446665968,138.0,0.0335008728019273
604249,7,13712.0,6455.0,0.8532861787844048,138.0,0.006183233179597136
27091101,7,5000.0,1884.0,2.492910097711298,137.0,0.018196424070885387
28864843,7,6352.0,2477.0,4.503273751506782,137.0,0.03287061132486702
20309767,7,6252.0,2535.0,1.177875193929895,136.0,0.008660847014190405
2342814,7,6386.0,2371.0,3.354778372131211,135.0,0.024850210163934898
30487330,7,2802.0,1050.0,0.08462233855845933,135.0,0.0006268321374700691
29345613,7,20671.0,6270.0,8.16988117685879,135.0,0.060517638347102144
13445189,7,7490.0,2031.0,1.904415636466031,134.0,0.01421205698855247
9097339,7,20835.0,7781.0,8.477932513437425,131.0,0.0647170420873086
23377306,7,15433.0,4425.0,3.597098810914125,131.0,0.027458769548962786
946549,7,14323.0,4168.0,2.113092489557412,129.0,0.016380561934553582
20695010,7,19406.0,3518.0,1.0743737445160462,128.0,0.00839354487903161
10810198,7,9124.0,5752.0,1.5255641793890116,128.0,0.011918470151476653
28071513,7,4902.0,1668.0,2.3766363259018006,128.0,0.018567471296107817
7877971,7,9049.0,3957.0,0.9582449280132487,127.0,0.007545235653647627
25998433,7,27781.0,9259.0,2.803638985998093,127.0,0.022075897527544037
5743167,7,7695.0,2887.0,4.750287128157087,125.0,0.0380022970252567
14576401,7,15752.0,6390.0,6.829091960978543,124.0,0.055073322265955994
12042373,7,25557.0,7643.0,2.48508917007672,123.0,0.02020397699249366
24045154,7,10092.0,3283.0,3.4832393506027017,123.0,0.028319019110591072
26091099,7,12603.0,4266.0,5.069532865120512,121.0,0.04189696582744225
17491634,7,8755.0,2747.0,1.561771632178054,121.0,0.012907203571719454
12002431,7,11658.0,4969.0,1.7334514071255007,121.0,0.014326044686987609
23530192,7,15183.0,6268.0,7.591257449232371,121.0,0.06273766486968901
8634899,7,4759.0,1761.0,0.6461159228043427,120.0,0.005384299356702856
15321102,7,5236.0,1977.0,3.974666786113005,119.0,0.03340056122784038
26614024,7,4909.0,1786.0,2.483580122567523,119.0,0.020870421198046413
10491643,7,21645.0,8018.0,2.6060217082477815,118.0,0.022084929730913402
1130498,7,23247.0,7126.0,8.219443580187145,115.0,0.07147342243640996
23288223,7,5684.0,2203.0,0.6714653024503502,114.0,0.00589004651272237
18443077,7,16784.0,5556.0,2.0404816976269027,113.0,0.018057360155990288
26998434,7,16229.0,7365.0,3.6372833124202475,113.0,0.03218834789752431
12321091,7,7088.0,2188.0,1.9710758775325425,112.0,0.017598891763683417
3291799,7,8320.0,2889.0,3.397884359089571,111.0,0.030611570802608748
14466837,7,10023.0,3425.0,3.836290548017397,111.0,0.03456117610826484
18436526,7,23430.0,6312.0,1.7458908127703407,111.0,0.015728746060994062
18916125,7,5190.0,1247.0,1.5921353498130122,110.0,0.014473957725572839
7828339,7,7603.0,2413.0,8.19385625537155,110.0,0.07448960232155954
13576407,7,25560.0,7438.0,3.898245175537418,109.0,0.03576371720676531
31330666,7,8917.0,3393.0,1.8224705040881763,109.0,0.0167199128815429
23852343,7,11602.0,4851.0,8.079408812291355,108.0,0.07480934085454959
29864831,7,4069.0,1569.0,1.6577875513513534,106.0,0.015639505201427862
2716294,7,11203.0,4598.0,3.33800959442214,106.0,0.03149065655115226
20458055,7,22704.0,5545.0,5.783582835773139,106.0,0.05456210222427489
31452108,7,4347.0,1354.0,1.4506321231146413,103.0,0.014083807020530498
7351509,7,6314.0,2323.0,6.617826945061285,103.0,0.06425074703942996
21307468,7,11331.0,2433.0,1.5310971525003656,102.0,0.015010756397062407
6516505,7,16182.0,6521.0,3.6436580690364675,100.0,0.03643658069036468
6442601,7,5163.0,2211.0,0.8443054036973199,99.0,0.008528337411084039
14891867,7,4189.0,1472.0,1.9433833738711006,99.0,0.019630135089607075
2953712,7,5249.0,1665.0,1.6698557890161267,98.0,0.017039344785878846
12458065,7,9407.0,4263.0,1.6417578155199002,98.0,0.016752630770611225
12289574,7,42523.0,15615.0,8.96692980926087,96.0,0.0934055188464674
2462355,7,2446.0,1191.0,0.21351165859563134,95.0,0.002247491143111909
1341195,7,13543.0,4429.0,1.0556225096855956,95.0,0.011111815891427321
14104562,7,8226.0,2817.0,5.054663460876098,94.0,0.053773015541235085
26998432,7,12526.0,4635.0,2.4465951441410785,94.0,0.02602760791639445
28726401,7,6100.0,1548.0,3.545205040532245,93.0,0.03812048430679833
26071516,7,7709.0,2875.0,4.29599995136598,93.0,0.04619354786415032
29862638,7,6915.0,3054.0,5.056757637084341,93.0,0.054373738033164955
22419532,7,39020.0,11980.0,4.475217903819683,92.0,0.04864367286760525
30752994,7,49911.0,21745.0,8.001536751680218,92.0,0.0869732255617415
9042365,7,9071.0,3283.0,4.492780138390182,89.0,0.050480675712249234
15823034,7,5943.0,1980.0,3.838952049869583,88.0,0.043624455112154355
442617,7,11404.0,3129.0,1.869235858358704,88.0,0.021241316572258
29687342,7,3215.0,1409.0,0.5752606305739942,88.0,0.0065370526201590255
24119481,7,17834.0,4760.0,1.3131119848922177,88.0,0.014921727101047928
19661713,7,14715.0,3064.0,4.803167343211683,86.0,0.05585078306060097
28389117,7,19759.0,5956.0,3.9282927799336282,86.0,0.04567782302248405
23852344,7,5322.0,2413.0,7.363236851566857,85.0,0.08662631590078655
27990027,7,13636.0,5518.0,2.9727214984916093,85.0,0.03497319409990129
29614013,7,14232.0,5972.0,3.63018306308743,85.0,0.04270803603632271
6697150,7,10818.0,3334.0,2.5172630557248876,84.0,0.029967417330058185
5084322,7,8162.0,3038.0,1.1356300409936133,84.0,0.013519405249923969
1946547,7,10005.0,3420.0,1.2911062062849368,84.0,0.015370311979582581
8877963,7,12465.0,5472.0,2.583228623427247,84.0,0.030752721707467224
3406183,7,8107.0,2163.0,2.462077614104895,83.0,0.029663585712107168
12407222,7,10793.0,5100.0,6.657457140732977,83.0,0.08021032699678286
29091102,7,11139.0,3254.0,1.7309947119966635,83.0,0.020855357975863416
26534046,7,6203.0,2030.0,1.424073810894653,82.0,0.017366753791398206
9500303,7,11140.0,5425.0,9.841154102590465,82.0,0.12001407442183494
3788051,7,6351.0,1395.0,2.099805720840022,82.0,0.025607386839512462
18498193,7,15383.0,3869.0,3.956417640283642,81.0,0.04884466222572398
17051292,7,2654.0,883.0,1.1254061527688497,81.0,0.013893903120603082
12288258,7,14596.0,3899.0,3.886020182322437,81.0,0.04797555780644984
8407229,7,10567.0,5382.0,2.39205235191908,81.0,0.029531510517519507
16920604,7,4861.0,1526.0,1.3443453535305079,80.0,0.016804316919131347
7336375,7,6839.0,2390.0,2.0614627169469255,80.0,0.025768283961836568
17132183,7,13069.0,4713.0,1.7931398829406024,80.0,0.022414248536757532
3884873,7,14775.0,6252.0,0.9695516236811851,79.0,0.012272805363052976
31129937,7,4642.0,1596.0,2.8265437989242974,78.0,0.03623774101184997
26614035,7,5144.0,1675.0,2.233012228526036,78.0,0.028628361904179948
24491616,7,9031.0,4214.0,2.680569696734383,78.0,0.03436627816326132
29513913,7,10852.0,5200.0,3.5819823252661522,77.0,0.046519250977482496
2865315,7,20016.0,10702.0,3.224512414571976,77.0,0.04187678460483086
31775712,7,9194.0,2662.0,1.87598107016011,77.0,0.02436339052155987
1341198,7,2841.0,862.0,0.7362567556298938,76.0,0.009687588889867024
2865319,7,5449.0,1865.0,2.3983612459771226,76.0,0.031557384815488455
13770704,7,12260.0,3650.0,1.7313168072589846,76.0,0.02278048430603927
11765782,7,3551.0,1802.0,1.3467904398165917,76.0,0.017720926839691998
12845408,7,5695.0,1810.0,0.45756317735470925,75.0,0.006100842364729456
17445189,7,5251.0,1532.0,0.7018380701976173,75.0,0.009357840935968231
13104554,7,10413.0,2959.0,2.5941797797450343,74.0,0.03505648351006803
10321103,7,22396.0,8263.0,14.078519310998818,74.0,0.19025026095944347
8403843,7,5177.0,1929.0,2.8784278939713306,74.0,0.03889767424285582
29614012,7,12873.0,5291.0,3.7052968096836962,73.0,0.050757490543612276
24321351,7,10650.0,3536.0,2.8629931192418026,73.0,0.03921908382523017
22891668,7,16362.0,3347.0,2.3933598586480342,73.0,0.03278575148832923
7828337,7,3715.0,1283.0,1.9243018753569272,73.0,0.02636029966242366
30471712,7,6690.0,3561.0,1.982647701418589,73.0,0.0271595575536793
27031690,7,10370.0,3795.0,0.8055758929902994,72.0,0.011188554069309714
11772330,7,11433.0,3303.0,0.9545343500132383,72.0,0.013257421527961643
19000595,7,7985.0,2397.0,1.7889249819282618,72.0,0.024846180304559193
26949223,7,2847.0,982.0,0.9848447614629637,72.0,0.013678399464763385
22071675,7,2504.0,1036.0,1.7295795981808582,71.0,0.02436027603071631
16491630,7,8078.0,2971.0,2.89372583751315,71.0,0.040756701936804925
7075386,7,8661.0,4113.0,1.1078002182581472,71.0,0.015602819975466862
2865318,7,3989.0,1310.0,2.955701514376418,71.0,0.04162959879403405
26874680,7,11239.0,3352.0,1.471462599737322,70.0,0.021020894281961744
17091415,7,8214.0,2951.0,1.8614538655925397,70.0,0.026592198079893423
28874676,7,48067.0,18497.0,8.34665789608305,70.0,0.11923796994404356
30676250,7,35243.0,9926.0,3.2723955101605595,70.0,0.046748507288007994
4406178,7,1789.0,471.0,0.6275699492309075,69.0,0.009095216655520398
5316929,7,12876.0,3108.0,1.5987749369343531,69.0,0.02317065125991816
4804073,7,3974.0,1470.0,1.0905603291928938,69.0,0.015805222162215853
4828354,7,7656.0,2529.0,2.263101561185393,69.0,0.03279857335051294
26949221,7,6443.0,1919.0,1.0906960769890897,69.0,0.01580718952158101
1313883,7,5873.0,1718.0,3.3306402779510735,68.0,0.04898000408751579
26491443,7,5770.0,2565.0,2.459231505235115,68.0,0.03616516919463404
11938638,7,44185.0,12172.0,13.833948802664164,68.0,0.20344042356859066
25843273,7,3198.0,1349.0,0.8968371198408241,68.0,0.013188781174129766
25866076,7,22429.0,8650.0,2.524426320192097,68.0,0.03712391647341319
14398567,7,4650.0,1307.0,1.320580157953392,68.0,0.01942029644049106
25998435,7,15596.0,5307.0,4.347358500802617,67.0,0.06488594777317339
5061823,7,5738.0,2017.0,2.3366392468644066,67.0,0.03487521263976726
22589171,7,16614.0,3148.0,3.95343321807343,67.0,0.05900646594139448
27385784,7,17125.0,5911.0,1.815792772265968,67.0,0.02710138466068609
17661711,7,5252.0,2037.0,2.266907005126895,66.0,0.03434707583525599
25064375,7,11605.0,3145.0,2.568007940923325,66.0,0.03890921122611099
24267774,7,8692.0,3644.0,0.8063428016057448,66.0,0.012217315175844618
3422224,7,6856.0,2030.0,0.9149336651185426,66.0,0.013862631289674887
24982960,7,2885.0,1247.0,0.6998871232907113,66.0,0.010604350352889565
10123946,7,5534.0,2365.0,1.1007713983440661,66.0,0.01667835452036464
10462151,7,8126.0,3016.0,3.2227331270313173,65.0,0.04958050964663565
1632450,7,7555.0,2836.0,2.851368331476217,65.0,0.043867205099634106
32452108,7,10145.0,3079.0,0.6371202951462754,65.0,0.009801850694558084
31265168,7,8359.0,1459.0,1.9739317324882015,64.0,0.03084268332012815
9700342,7,3956.0,1687.0,1.5510340745607591,64.0,0.02423490741501186
21765872,7,12261.0,4668.0,1.910971915686329,64.0,0.02985893618259889
27888153,7,15028.0,5264.0,2.9295351804086645,64.0,0.04577398719388538
7210407,7,3720.0,1926.0,0.43494275855945413,63.0,0.0069038533104675255
23852331,7,4769.0,1659.0,1.8657189491306032,63.0,0.02961458649413656
16920597,7,3842.0,1244.0,1.1525050227661382,63.0,0.01829373052009743
14104561,7,10170.0,2893.0,4.917239187297427,63.0,0.07805141567138772
23695013,7,13902.0,3940.0,2.058951432369803,62.0,0.03320889407048069
14300126,7,4284.0,1461.0,1.0348937369590585,62.0,0.016691834467081588
28864844,7,4100.0,1369.0,1.9839458565392263,61.0,0.032523702566216825
25998432,7,44748.0,14867.0,2.5658987618556153,61.0,0.04206391412878058
29175063,7,13020.0,4208.0,2.1334926466454847,61.0,0.03497528928927024
25866075,7,13349.0,3031.0,0.7295523499238593,61.0,0.011959874588915726
7336371,7,5694.0,2007.0,1.2460142736181201,61.0,0.020426463501936394
17916128,7,3458.0,602.0,0.43071423396749414,61.0,0.0070608890814343305
5177431,7,17900.0,4989.0,2.170648395014027,60.0,0.03617747325023379
8904991,7,1462.0,536.0,0.389505250416228,60.0,0.0064917541736038
6121534,7,8031.0,4322.0,1.2356089721870667,59.0,0.020942524952323165
16422824,7,6004.0,2321.0,2.27684752523493,59.0,0.03859063602093101
25172774,7,10909.0,2759.0,0.86550438435529,58.0,0.014922489385436034
26389108,7,13571.0,2263.0,4.447904440980814,58.0,0.07668800760311748
11835565,7,1747.0,653.0,0.18246264339584475,57.0,0.0032010990069446447
1428788,7,7613.0,3763.0,0.929157701881273,57.0,0.016301012313706544
22723823,7,15298.0,5858.0,1.9733038449059574,57.0,0.034619365700104515
29513908,7,4219.0,1705.0,1.0416478465743777,57.0,0.018274523624111888
22726403,7,6270.0,1873.0,4.0434075442613855,57.0,0.07093697446072605
24391301,7,10648.0,2539.0,1.3965910765087783,57.0,0.024501597833487338
30175073,7,10122.0,3586.0,5.453945341279073,57.0,0.09568325160138724
15574227,7,8932.0,3400.0,5.63743641953534,56.0,0.1006685074917025
9100694,7,6051.0,2319.0,1.320188359621266,56.0,0.023574792136094036
15323491,7,4915.0,1884.0,2.6336208739709717,56.0,0.04702894417805307
7980574,7,2768.0,1075.0,0.29291966260245755,56.0,0.005230708260758171
4676898,7,5973.0,1872.0,1.7596599922477296,55.0,0.03199381804086781
12654888,7,3013.0,1114.0,0.3567754599757793,55.0,0.0064868265450141694
13300118,7,11747.0,3219.0,2.719503329226483,55.0,0.049445515076845144
7144711,7,12846.0,3516.0,3.5124145021708086,54.0,0.06504471300316313
289466,7,9196.0,3030.0,2.143085916623181,53.0,0.04043558333251285
9097340,7,5734.0,2291.0,4.8282119026357835,52.0,0.092850228896842
22233130,7,17524.0,7301.0,6.886885671903275,52.0,0.13244010907506298
15959620,7,9048.0,3673.0,4.719258436775066,51.0,0.09253447915245228
8695046,7,3105.0,1251.0,0.3899606367713339,51.0,0.007646286995516351
29513915,7,4174.0,1799.0,1.4497286834010463,50.0,0.028994573668020926
5612724,7,7141.0,2381.0,2.6922048196218977,50.0,0.05384409639243795
8214946,7,7536.0,2585.0,1.1160941978511094,50.0,0.022321883957022188
12351511,7,4383.0,1724.0,1.4296150604621523,50.0,0.028592301209243044
31129939,7,5452.0,1662.0,1.4692618745129151,49.0,0.02998493621454929
17686795,7,9671.0,3602.0,2.8127645471549996,49.0,0.057403358105204076
22071674,7,2728.0,1125.0,1.5306588991553207,48.0,0.031888727065735846
12765785,7,9025.0,2949.0,0.7955233740204607,48.0,0.016573403625426263
73322,7,735.0,222.0,0.11504258728980503,48.0,0.0023967205685376048
13435356,7,1765.0,829.0,0.9201524165674465,47.0,0.019577710990796734
13442454,7,635.0,236.0,0.05540379544132729,47.0,0.0011788041583261125
32321347,7,3574.0,1105.0,0.56469195709485,47.0,0.012014722491379786
30471715,7,1607.0,742.0,0.2678796451855528,46.0,0.005823470547512017
1586481,7,19068.0,5814.0,11.170600922579505,46.0,0.2428391504908588
7299461,7,15028.0,2728.0,2.2792486952086604,46.0,0.04954888467844914
13823055,7,6441.0,1914.0,1.813670793190656,46.0,0.039427625938927305
11387831,7,4855.0,1753.0,0.6714553476637444,46.0,0.014596855383994443
4814007,7,48054.0,16976.0,7.079048982942787,45.0,0.15731219962095083
24526835,7,5747.0,1376.0,1.042531988357565,45.0,0.023167377519057
20717215,7,15868.0,5102.0,4.209321963176331,45.0,0.09354048807058513
13458071,7,7826.0,2307.0,2.0951060829516397,45.0,0.04655791295448088
28233117,7,1018.0,137.0,0.1308584758029623,45.0,0.002907966128954718
32135680,7,6844.0,2218.0,1.5463512382874487,45.0,0.03436336085083219
23385780,7,14280.0,3931.0,11.347766354953693,45.0,0.2521725856656376
6886825,7,3248.0,1117.0,0.5017929293896831,44.0,0.011404384758856434
20530187,7,12494.0,4176.0,2.68942827312198,44.0,0.061123369843681365
22451482,7,11991.0,4851.0,3.7615249409284783,44.0,0.08548920320291996
5892331,7,8214.0,2179.0,1.511759098488385,44.0,0.03435816132928148
31084986,7,4606.0,1677.0,0.7529814333483207,44.0,0.017113214394280016
11642017,7,2030.0,564.0,0.814086969048027,43.0,0.018932255094140163
25259856,7,7541.0,1809.0,1.003962919966981,43.0,0.023347974882953048
28031695,7,9532.0,3597.0,0.8796102372986032,43.0,0.020456052030200074
17435335,7,8476.0,3037.0,2.5563344681871136,43.0,0.05944963879504916
24419530,7,4900.0,2134.0,1.7779179660651416,43.0,0.04134692944337539
32405311,7,2576.0,1206.0,1.58982491474954,42.0,0.03785297416070334
14398570,7,3966.0,1295.0,0.7568909683221167,42.0,0.01802121353147897
15500296,7,7343.0,1440.0,0.7887662007048069,42.0,0.018780147635828734
16920603,7,1976.0,631.0,0.4515325212578033,42.0,0.010750774315661984
29513916,7,9508.0,4348.0,3.1272104100777267,42.0,0.07445739071613636
12947794,7,24744.0,6607.0,5.6609726642780105,42.0,0.13478506343519073
5700346,7,13267.0,4312.0,3.260837529529337,42.0,0.07763898879831754
1871873,7,3001.0,656.0,0.6403516552910683,42.0,0.015246467983120673
4407386,7,13437.0,3775.0,0.5682618415133739,41.0,0.013860044914960339
7681481,7,12175.0,2846.0,0.7003411785702914,41.0,0.01708149216025101
15518374,7,603.0,216.0,0.11502828253692708,41.0,0.002805567866754319
26383493,7,8734.0,3678.0,1.2711078971384253,41.0,0.03100263163752257
14006998,7,7238.0,2232.0,3.7823287665014114,41.0,0.09225192113418076
8891880,7,6137.0,2112.0,2.9928226472108492,41.0,0.07299567432221583
20377297,7,20407.0,6563.0,13.296833666021962,40.0,0.3324208416505491
11843320,7,18463.0,4899.0,1.9265094028520982,40.0,0.048162735071302455
13576416,7,4363.0,1862.0,2.1046527248083153,40.0,0.05261631812020788
3858763,7,1099.0,464.0,0.39027275548217,40.0,0.00975681888705425
3610770,7,4893.0,2509.0,0.7065544334231362,39.0,0.01811678034418298
31491419,7,3747.0,1385.0,3.0068391974056325,39.0,0.07709844095911879
3313894,7,11754.0,3953.0,4.314384600418993,39.0,0.11062524616458957
29140152,7,6322.0,2763.0,1.175805718639885,39.0,0.03014886458050987
32385772,7,6090.0,1515.0,1.1328301175644246,39.0,0.029046926091395503
7892338,7,2730.0,780.0,0.4292462106630424,39.0,0.011006313093924164
1869939,7,5723.0,3366.0,3.063753488162044,39.0,0.07855778174774472
31748229,7,2655.0,1482.0,0.4821553548184857,38.0,0.012688298811012782
30328739,7,16396.0,5210.0,10.607090998794764,38.0,0.27913397365249376
22445172,7,11242.0,4059.0,1.8780888868056018,38.0,0.049423391758042154
21096019,7,22209.0,8216.0,4.576331945627607,38.0,0.12042978804283176
21658041,7,7037.0,2658.0,2.73198684684064,38.0,0.07189439070633263
29874688,7,5727.0,2001.0,2.10964048854887,38.0,0.05551685496181237
30676243,7,8380.0,3068.0,2.904899069383887,38.0,0.07644471235220755
28795047,7,2470.0,942.0,1.4188849045810579,37.0,0.03834824066435292
25102583,7,13342.0,5906.0,1.1269255234400566,37.0,0.03045744657946099
828346,7,10610.0,3629.0,1.5572597155484447,37.0,0.04208810042022824
24936122,7,2089.0,352.0,0.5267338884280611,37.0,0.014236051038596247
13576413,7,6360.0,2621.0,3.3263766989203516,36.0,0.09239935274778754
23330020,7,8636.0,3397.0,3.85299313757885,36.0,0.10702758715496806
18836888,7,7084.0,1783.0,1.7012585972189478,36.0,0.047257183256081886
28752988,7,4102.0,636.0,0.5964872019378489,36.0,0.016569088942718024
22496144,7,2109.0,750.0,0.5856241491573431,36.0,0.016267337476592862
3877978,7,4686.0,1652.0,0.8765674933908667,36.0,0.024349097038635185
3144706,7,29905.0,10527.0,9.983543680091541,36.0,0.2773206577803206
32137193,7,3412.0,951.0,0.5373418394623486,35.0,0.015352623984638531
18323505,7,12791.0,4095.0,6.35943162244312,35.0,0.1816980463555177
13466843,7,5367.0,2023.0,2.2280802617303523,35.0,0.06365943604943863
24097956,7,5210.0,1497.0,0.8493559143493712,35.0,0.024267311838553463
6015885,7,2700.0,1048.0,1.1013930835880101,35.0,0.03146837381680029
12700456,7,9876.0,3700.0,4.165030213740518,35.0,0.1190008632497291
26998439,7,4080.0,1825.0,0.2530073936577015,35.0,0.007228782675934328
26729616,7,4677.0,1603.0,0.7711755659875054,35.0,0.02203358759964301
16294809,7,5015.0,1910.0,0.7184933604906388,34.0,0.021132157661489376
20916101,7,1742.0,785.0,0.406124101742467,34.0,0.011944826521837265
22274902,7,13149.0,1991.0,2.3123164515424515,34.0,0.06800930739830739
18899195,7,3714.0,2228.0,1.0571553786849834,34.0,0.03109280525544069
27644431,7,2564.0,296.0,0.23522800757827414,34.0,0.00691847081112571
26903589,7,2848.0,1257.0,1.2976078250218503,33.0,0.03932144924308637
7845418,7,5511.0,3072.0,2.016736604382906,33.0,0.06111323043584563
26945970,7,4480.0,1847.0,0.5552060423297709,33.0,0.01682442552514457
26750602,7,4550.0,1338.0,1.5122554397507015,33.0,0.045825922416687925
27491436,7,5382.0,1371.0,1.5075551674042165,33.0,0.045683489921339894
29874686,7,7325.0,2833.0,1.5964526993490549,33.0,0.04837735452572894
5474094,7,2462.0,1023.0,1.6625528802273903,33.0,0.05038039030992092
27009857,7,7266.0,2081.0,0.9212456331208462,33.0,0.027916534336995338
1632451,7,4179.0,1382.0,2.1047843798274117,33.0,0.0637813448432549
5743152,7,2544.0,785.0,1.3510597376942473,33.0,0.040941204172552946
4084327,7,929.0,340.0,0.253780033435239,33.0,0.007690304043492092
26998433,7,6334.0,2462.0,1.2110472872016174,32.0,0.03784522772505054
11765780,7,1409.0,867.0,0.6104109092555755,32.0,0.019075340914236735
7403871,7,2328.0,560.0,0.35614971438392895,32.0,0.01112967857449778
28091103,7,2960.0,1070.0,0.6460130521519498,32.0,0.020187907879748432
11746439,7,2102.0,582.0,1.335499422082479,31.0,0.04308062651878965
14102485,7,13462.0,4068.0,9.631101432653697,31.0,0.3106806913759257
24045148,7,4924.0,1263.0,0.9205546887573028,31.0,0.029695312540558155
20496139,7,6412.0,1001.0,0.9352948760635016,31.0,0.03017080245366134
32135669,7,2620.0,955.0,1.5021827232343157,31.0,0.048457507201106954
22891661,7,5559.0,1957.0,1.5887442993665,31.0,0.051249816108596774
6697149,7,5575.0,1688.0,1.387864472945745,30.0,0.0462621490981915
8877966,7,2824.0,1259.0,1.4350265260731607,30.0,0.04783421753577202
17661709,7,6185.0,1719.0,3.2062384687331913,30.0,0.10687461562443971
13661607,7,2307.0,705.0,0.47983233546712184,30.0,0.015994411182237395
16184514,7,634.0,163.0,0.09823339251233912,30.0,0.0032744464170779706
13947793,7,23920.0,8312.0,5.906291705168564,30.0,0.19687639017228548
25675129,7,10596.0,4187.0,2.681952154079302,30.0,0.08939840513597673
24045153,7,2317.0,757.0,0.5644853481245655,29.0,0.019465012004295363
16920602,7,2600.0,730.0,1.2128022573332249,29.0,0.041820767494249136
12491647,7,10794.0,3742.0,0.7471905281379034,29.0,0.025765190625444946
19129845,7,4555.0,1047.0,1.3452606588510696,29.0,0.046388298581071366
5781045,7,3770.0,1588.0,2.2408437929487453,29.0,0.07727047561892225
6336377,7,11017.0,3974.0,2.1487900199195353,29.0,0.07409620758343226
12089516,7,4948.0,1629.0,0.40852729439910973,29.0,0.014087148082727922
29513914,7,4343.0,1568.0,1.0830996587411137,28.0,0.038682130669325486
3858764,7,2548.0,833.0,0.47321344945361954,28.0,0.01690048033762927
31262852,7,1619.0,739.0,0.689071313326386,28.0,0.024609689761656645
20898399,7,5089.0,1257.0,1.4251122613380955,28.0,0.050896866476360554
31427832,7,210.0,58.0,0.028580402483889693,28.0,0.0010207286601389175
7336381,7,5296.0,1696.0,0.9645946025904363,27.0,0.035725726021868014
10055720,7,1895.0,645.0,1.1423926412669028,27.0,0.04231083856544084
15885288,7,6794.0,1995.0,1.300751978894754,27.0,0.04817599921832422
7869916,7,2822.0,924.0,1.3220340321511488,27.0,0.04896422341300551
15661602,7,10586.0,3680.0,5.845592702984655,26.0,0.2248304885763329
17314986,7,3167.0,994.0,0.6224199742724623,26.0,0.023939229779710088
17132179,7,3678.0,751.0,1.4277067916403916,26.0,0.0549117996784766
26383495,7,2560.0,927.0,1.3032570800901941,26.0,0.05012527231116131
29874685,7,12173.0,5156.0,3.017480006007117,26.0,0.11605692330796603
8403854,7,1886.0,844.0,0.748578857666467,25.0,0.02994315430665868
28257820,7,1955.0,500.0,0.5532928272249985,25.0,0.02213171308899994
32042839,7,1754.0,613.0,0.7825192996941929,25.0,0.03130077198776771
25998434,7,3444.0,1012.0,0.9130875938156291,25.0,0.03652350375262516
1716282,7,5952.0,1396.0,1.3004458569898583,25.0,0.05201783427959433
10810197,7,3064.0,2028.0,0.5100712814642547,25.0,0.02040285125857019
25045155,7,1264.0,529.0,0.9225280939623681,25.0,0.036901123758494726
27872610,7,3139.0,1162.0,0.9248560897765717,25.0,0.03699424359106287
20898401,7,3599.0,888.0,1.2941095629584072,24.0,0.05392123178993363
10746437,7,1299.0,430.0,1.051755941079863,24.0,0.04382316421166096
20445163,7,3850.0,1318.0,0.6403493793779318,23.0,0.027841277364257903
23330022,7,8116.0,1242.0,1.1478655306688215,23.0,0.049907196985600935
10686810,7,2888.0,1021.0,0.4527719913460617,23.0,0.019685738754176597
23346188,7,3736.0,1383.0,1.3797715148218799,23.0,0.05999006586182087
26750599,7,2081.0,670.0,0.8750763202253132,23.0,0.03804679653153536
7462178,7,15098.0,4582.0,8.49873982037292,23.0,0.3695104269727357
15500294,7,9714.0,1633.0,1.5313371808241645,22.0,0.06960623549200748
21898401,7,245.0,129.0,0.08451897404954811,22.0,0.0038417715477067323
24045147,7,1237.0,496.0,0.6337295346284629,22.0,0.028805887937657405
26998435,7,6408.0,1904.0,1.2620806077120497,22.0,0.05736730035054771
8403853,7,1038.0,405.0,0.18449399192124308,22.0,0.008386090541874685
16506604,7,3748.0,1217.0,1.68459611756763,22.0,0.07657255079852864
17661707,7,2771.0,818.0,0.8387233288949804,22.0,0.03812378767704456
7413800,7,4119.0,1565.0,1.7961026885360722,22.0,0.0816410312970942
27009860,7,6755.0,2673.0,3.2092112427830153,22.0,0.1458732383083189
10321092,7,2158.0,830.0,0.7609219593944503,22.0,0.03458736179065683
12987593,7,13196.0,5185.0,4.978226113680953,21.0,0.23705838636575965
11042365,7,6168.0,2364.0,1.6662872347706803,21.0,0.0793470111795562
28385762,7,4873.0,1398.0,0.5371070922242066,21.0,0.025576528201152696
6513183,7,6753.0,921.0,1.3272351956411994,21.0,0.06320167598291426
18104558,7,2591.0,1064.0,1.0357561398709147,21.0,0.049321720946234035
18496278,7,1745.0,162.0,0.12355847694370926,20.0,0.006177923847185463
12513174,7,4727.0,492.0,0.8519694751199229,20.0,0.042598473755996145
2077112,7,8596.0,2516.0,1.9262145142221043,20.0,0.09631072571110522
28328731,7,1273.0,126.0,0.09821982453374359,20.0,0.004910991226687179
3139444,7,4470.0,1303.0,1.0862287274349378,20.0,0.05431143637174689
6316933,7,2340.0,601.0,0.4595517348054239,20.0,0.022977586740271193
9551057,7,952.0,339.0,0.2657707122734603,20.0,0.013288535613673014
21005924,7,1143.0,475.0,1.2909026922200424,19.0,0.0679422469589496
12810171,7,1342.0,390.0,0.15660136770742497,19.0,0.008242177247759209
3960115,7,1405.0,221.0,0.5075285507390863,19.0,0.0267120289862677
19860994,7,3578.0,836.0,1.044755519797142,18.0,0.05804197332206345
4466870,7,7170.0,1957.0,1.336191701659756,18.0,0.07423287231443089
21830168,7,7261.0,2648.0,1.8901014042414763,18.0,0.10500563356897091
30810420,7,9593.0,3033.0,1.3221448490873642,18.0,0.07345249161596468
12042241,7,1113.0,424.0,0.21567934181383325,18.0,0.011982185656324069
24942663,7,2802.0,733.0,0.8397265066450875,17.0,0.04939567686147574
22296560,7,2139.0,730.0,1.0541945834602957,17.0,0.06201144608589975
23310435,7,3479.0,617.0,0.860691198702183,17.0,0.050628894041304884
7828336,7,1824.0,580.0,1.8585964688764989,17.0,0.10932920405155876
9013587,7,16055.0,5394.0,3.1336004146604957,17.0,0.18432943615649974
336258,7,1227.0,570.0,0.6403202884089425,16.0,0.04002001802555891
21443097,7,473.0,146.0,0.03953558040219119,16.0,0.0024709737751369494
14458669,7,5371.0,1477.0,0.3569874239031706,16.0,0.022311713993948164
3892354,7,3860.0,829.0,0.4702593860068858,15.0,0.03135062573379239
8287704,7,858.0,221.0,0.12665075286370248,15.0,0.008443383524246832
16040127,7,2545.0,498.0,0.24669139202108342,14.0,0.01762081371579167
29036280,7,1005.0,377.0,0.38093893594624995,14.0,0.02720992399616071
7697146,7,2897.0,1049.0,0.5832818735811022,13.0,0.04486783642931555
6341185,7,1325.0,249.0,0.24600529130730217,13.0,0.01892348394671555
9097334,7,5256.0,1195.0,0.5992489331427199,13.0,0.04609607178020922
4626334,7,5578.0,1749.0,1.1618767411501165,11.0,0.10562515828637423
1869938,7,2575.0,1178.0,0.8281049948639354,11.0,0.07528227226035776
23254639,7,1555.0,649.0,0.2528825484426983,11.0,0.022989322585699846
12843319,7,1874.0,901.0,0.5327283462313611,10.0,0.05327283462313611
12987592,7,2067.0,696.0,0.44514354504124426,10.0,0.04451435450412443
13810178,7,943.0,376.0,0.5618694331682269,10.0,0.05618694331682269
27009843,7,2906.0,784.0,0.10381421827690299,10.0,0.010381421827690298
13458070,7,2297.0,930.0,1.1152400093011714,9.0,0.12391555658901904
25391297,7,1067.0,325.0,0.3136254885077858,9.0,0.03484727650086509
12474087,7,2450.0,809.0,0.7485652369544893,9.0,0.08317391521716548
13442441,7,127.0,24.0,0.006761745038249798,6.0,0.0011269575063749663
20843295,7,1305.0,416.0,0.49015487292136783,3.0,0.16338495764045594
20443097,7,207.0,50.0,0.01299745330182089,3.0,0.004332484433940297
13442456,7,20.0,7.0,0.0020936460226243,1.0,0.0020936460226243
10341182,30,437385.0,194847.0,139.16245501548332,21877.0,0.006361130640192134
15184511,30,256102.0,93175.0,153.82655881254692,19886.0,0.007735419833679318
9100693,30,100926.0,39442.0,20.840787765408248,18998.0,0.0010969990401836114
32368244,30,161056.0,77584.0,138.0964212719844,18923.0,0.007297808025787899
30801593,30,431587.0,168971.0,25.59630466604754,11266.0,0.002271995798513007
2869134,30,55796.0,20032.0,3.4419285646991455,10680.0,0.0003222779554961747
15398570,30,378464.0,135066.0,155.57241355977516,9491.0,0.01639157239066222
5544859,30,50808.0,26242.0,6.640215873593798,7510.0,0.000884183205538455
16184517,30,56866.0,14747.0,8.138200411181774,7426.0,0.0010959063306196842
9100692,30,40265.0,14466.0,6.672558512401246,7319.0,0.0009116762552809464
29427842,30,239272.0,79009.0,131.0924709210678,7060.0,0.01856833865737504
28351001,30,222470.0,138590.0,103.70091685005909,6997.0,0.014820768450773058
9100689,30,52153.0,21023.0,17.621725778069635,6869.0,0.002565399006852473
5061834,30,299755.0,85763.0,141.24441573300024,6468.0,0.021837417398423042
9100690,30,41535.0,12787.0,8.495005983278794,6359.0,0.0013359028122784705
25920690,30,55096.0,32378.0,12.749021966214833,5868.0,0.002172634963567627
14121532,30,94354.0,38950.0,47.79383567314676,5633.0,0.008484614889605318
26891650,30,30922.0,10998.0,9.805581871268176,5492.0,0.0017854300566766525
9100691,30,42272.0,13765.0,7.103154743856844,5235.0,0.0013568585948150608
18975823,30,217646.0,100798.0,82.15532610817795,5008.0,0.016404817513613806
17710664,30,30218.0,10030.0,9.968700478358592,4771.0,0.0020894362771659175
31772643,30,195759.0,90476.0,43.04398073002318,4609.0,0.009339114933830155
6810200,30,96929.0,35151.0,4.241893951567948,4444.0,0.0009545215912619145
16922675,30,40899.0,16729.0,5.774257221155249,4188.0,0.0013787624692347777
17686799,30,381084.0,112964.0,79.42984162551126,3726.0,0.02131772453717425
30491418,30,186644.0,72873.0,119.05152046268385,3526.0,0.033763902570244995
12121528,30,53027.0,20952.0,34.243697131635884,3248.0,0.010543010200626812
10474106,30,39851.0,24393.0,21.967018502751763,3175.0,0.006918745985118666
23817046,30,88474.0,36883.0,17.500509020411787,3087.0,0.005669099131976607
9106406,30,19642.0,6142.0,5.798340610249378,3027.0,0.0019155403403532797
14661605,30,125045.0,41244.0,78.5230919112012,3002.0,0.026156926019720587
28795042,30,135054.0,38564.0,23.61144292656128,2764.0,0.008542490204978756
30881002,30,18892.0,5292.0,2.3001483571657855,2759.0,0.0008336891472148552
6686701,30,194059.0,76239.0,68.87468581383688,2738.0,0.025155108040115733
32452111,30,138682.0,45282.0,21.754784306017687,2690.0,0.008087280411158991
16823030,30,92453.0,31753.0,24.7476338871253,2678.0,0.009241088083317887
7061828,30,143611.0,43944.0,49.22208963488345,2589.0,0.01901200835646329
24843272,30,14579.0,3701.0,1.2081309953302994,2392.0,0.0005050714863420984
14458654,30,36130.0,23043.0,23.84763589207819,2337.0,0.010204379928146424
9106407,30,20877.0,5468.0,3.0120195166948163,2198.0,0.0013703455489967318
30368132,30,71181.0,23971.0,48.59824997301885,1954.0,0.02487116170574148
14235907,30,63451.0,26621.0,51.1632678962284,1943.0,0.026332098762855582
6886817,30,65388.0,29746.0,23.12465525827914,1911.0,0.012100813845253345
13365547,30,38776.0,28104.0,11.684691089739186,1906.0,0.0061304780114056585
30535894,30,72504.0,37200.0,27.457551164019343,1887.0,0.014550901517763297
9610626,30,39029.0,12430.0,2.7450010031756347,1876.0,0.0014632201509465004
27777499,30,27804.0,13982.0,6.801279144352236,1854.0,0.0036684353529407962
408759,30,18808.0,8513.0,3.901632685153591,1819.0,0.0021449327570937826
20938751,30,35375.0,11710.0,17.763486637588116,1649.0,0.010772278130738699
29531983,30,13563.0,4153.0,0.5601734460931325,1563.0,0.00035839631867762794
7121544,30,126687.0,46127.0,39.56847093062871,1557.0,0.025413276127571428
17710661,30,9839.0,3407.0,3.499106151376231,1530.0,0.002286997484559628
27321366,30,110260.0,38174.0,21.520333339709094,1509.0,0.014261320967335383
497593,30,191679.0,78565.0,20.475079417699337,1501.0,0.013640958972484568
26852338,30,107659.0,24346.0,14.53517771223717,1490.0,0.009755152827004811
21294794,30,41035.0,17782.0,6.203260581118651,1483.0,0.0041829134060139255
30405203,30,9857.0,6839.0,1.3152595436955918,1460.0,0.0009008627011613643
2865314,30,77647.0,17219.0,26.264345783740445,1385.0,0.018963426558657362
15743382,30,8619.0,2377.0,4.90434763057425,1372.0,0.0035745973983777332
17321082,30,90065.0,33989.0,36.74146963824871,1353.0,0.027155557751846793
29880998,30,9789.0,3114.0,4.401306395985237,1347.0,0.0032674880445324704
19129839,30,90154.0,27237.0,41.170249096568654,1343.0,0.030655434919261842
26852339,30,159742.0,32700.0,17.183101768316384,1320.0,0.013017501339633624
23644447,30,11664.0,4875.0,3.2220678574051895,1315.0,0.002450241716657939
27118781,30,59614.0,21053.0,20.360785159839008,1308.0,0.015566349510580281
6228543,30,30617.0,9073.0,13.528854772152638,1291.0,0.010479360784006691
23852329,30,112773.0,36213.0,54.43829981482193,1274.0,0.042730219634868075
3073305,30,8282.0,2333.0,0.42106584806820546,1274.0,0.00033050694510848154
29531970,30,7531.0,2748.0,1.318008332780747,1259.0,0.0010468692079275196
14289571,30,81357.0,24935.0,14.930393821524799,1257.0,0.011877799380687986
8867068,30,41027.0,13864.0,6.273922678564872,1209.0,0.005189348782932069
28739284,30,61486.0,22298.0,36.57885110528241,1193.0,0.030661233114235048
8980584,30,37815.0,12607.0,10.732595638390288,1160.0,0.009252237619301973
8403848,30,85868.0,28973.0,18.17168056856641,1118.0,0.01625373932787693
28752986,30,11586.0,3644.0,3.420191369694861,1096.0,0.0031206125635902015
27589150,30,39009.0,17790.0,10.454505618478546,1089.0,0.009600096986665332
17710659,30,6528.0,1890.0,2.262339862997315,1080.0,0.002094759132404921
32009848,30,133533.0,32763.0,9.257886966564847,1071.0,0.008644152162992387
8980571,30,62535.0,22900.0,9.511791668528144,1066.0,0.008922881490176495
11097337,30,26066.0,13308.0,5.288807162663898,1065.0,0.004966016115177369
2946551,30,48943.0,31811.0,13.042796522897154,1033.0,0.012626134097673915
2073328,30,14469.0,2522.0,1.4604535415683488,1020.0,0.0014318171976160283
24378636,30,123950.0,38110.0,23.87404294407375,999.0,0.02389794088495871
7289590,30,77518.0,25126.0,14.245983902250419,994.0,0.014331975756791166
26998428,30,80051.0,26706.0,23.406448314348147,986.0,0.02373879139386222
8980585,30,51909.0,16779.0,12.588861979078192,972.0,0.012951504093701844
15422821,30,24946.0,10205.0,7.9052852570021,965.0,0.00819200544767057
3466867,30,10309.0,3664.0,4.629633887762666,943.0,0.004909473900066454
14106384,30,7796.0,2221.0,1.5978008014226683,920.0,0.0017367400015463785
32368241,30,30140.0,8665.0,8.20840676800733,919.0,0.008931889845492199
15506599,30,6408.0,2418.0,0.5620002588049584,902.0,0.0006230601538857632
13661605,30,47858.0,13999.0,15.41693861506331,901.0,0.017110919661557502
9095251,30,31811.0,19456.0,6.600025452373192,886.0,0.007449238659563422
12843318,30,54739.0,28323.0,23.995778146405442,879.0,0.027298951247332698
5442463,30,14336.0,3722.0,3.0642017880354717,875.0,0.0035019449006119677
31736975,30,34923.0,9006.0,5.581243743006465,849.0,0.00657390311308182
3073302,30,8614.0,1847.0,0.35364344346821747,833.0,0.00042454194894143754
8710016,30,29496.0,11601.0,5.045278410500344,832.0,0.0060640365510821435
15654897,30,53007.0,23718.0,13.068200986541342,826.0,0.01582106656966264
12700454,30,38880.0,15833.0,9.653701396169494,826.0,0.011687289825871057
804100,30,19100.0,5698.0,7.6380026089721635,825.0,0.009258184980572319
6781040,30,26999.0,10784.0,2.7212304674064884,820.0,0.0033185737407396203
24389111,30,56560.0,18010.0,21.321479726278447,801.0,0.026618576437301433
26091094,30,30606.0,10400.0,22.203182126557035,798.0,0.027823536499444905
73328,30,12950.0,4218.0,1.0011380024778158,798.0,0.00125455890034814
19530182,30,107844.0,49832.0,35.319371560078906,791.0,0.044651544323740716
6686704,30,55657.0,19330.0,22.29984089291174,791.0,0.028191960673719013
18975813,30,45793.0,18103.0,8.85410053820985,784.0,0.01129349558445134
30729721,30,30570.0,8702.0,9.970296660057345,783.0,0.012733456781682433
24126625,30,53878.0,27649.0,9.070622382884201,780.0,0.011629003054979745
10013589,30,8385.0,2432.0,1.8854980229379301,779.0,0.002420408245106457
3892353,30,37167.0,13109.0,27.34514265586718,767.0,0.0356520764744031
26321366,30,42947.0,12254.0,5.166530946932092,748.0,0.006907126934401192
15746419,30,45738.0,18503.0,28.460216608601435,740.0,0.03845975217378572
11321105,30,33775.0,10077.0,18.787498432809922,739.0,0.0254228666208524
18898397,30,33111.0,10467.0,13.319632291276081,734.0,0.018146637999013733
7686710,30,72214.0,27040.0,19.534571621230576,730.0,0.02675968715237065
6810192,30,2720.0,1280.0,0.803858907672315,721.0,0.0011149222020420458
14106399,30,5346.0,1638.0,2.042082337838235,699.0,0.002921433959711352
5686703,30,67793.0,23999.0,15.861514725874333,698.0,0.022724233131625117
2576437,30,128938.0,51628.0,10.899116959615046,696.0,0.015659650804044606
73327,30,7395.0,1699.0,1.454059257724918,694.0,0.0020951862503240893
18091420,30,6732.0,3111.0,4.3039600201630925,687.0,0.006264861746962289
12089529,30,29711.0,10639.0,4.919988453705243,677.0,0.007267338927186474
3828354,30,18815.0,5877.0,7.396931027813083,672.0,0.011007337839007564
13661608,30,65598.0,21340.0,13.117610392190105,670.0,0.019578522973418066
4869922,30,48085.0,23125.0,27.387653357736855,664.0,0.04124646590020611
8892339,30,28793.0,10965.0,6.482180703547314,659.0,0.009836389534973162
8892341,30,26370.0,7950.0,9.619569067107998,649.0,0.01482214031911864
29880997,30,5606.0,1668.0,1.5239029703089961,645.0,0.0023626402640449552
4913658,30,11225.0,3938.0,2.1690010435073623,625.0,0.0034704016696117798
15491650,30,24952.0,10159.0,10.927882020928283,623.0,0.01754074160662646
2736605,30,35116.0,15394.0,7.668561286836755,621.0,0.01234872993049397
30534043,30,7092.0,5236.0,1.4674293686975133,614.0,0.002389950111885201
32323516,30,108748.0,28589.0,22.093695477595247,605.0,0.03651850492164504
15654890,30,66911.0,22491.0,7.206038228139303,599.0,0.012030113903404513
28896342,30,36445.0,13012.0,19.886315756985876,595.0,0.03342237942350568
29389116,30,36163.0,11267.0,15.576923436994399,591.0,0.026356892448383077
13343035,30,17389.0,6423.0,1.5262432709785507,589.0,0.002591244942238626
24316983,30,35336.0,15090.0,8.713309190099375,577.0,0.015101055788733752
11289564,30,35239.0,13353.0,7.62596980685713,575.0,0.013262556185838487
5867090,30,62059.0,19781.0,4.298931230368475,570.0,0.0075419846146815355
21640043,30,51890.0,20618.0,12.207199584256918,563.0,0.0216824148921082
787943,30,36050.0,9750.0,13.482769659257581,551.0,0.024469636405186172
17288254,30,37940.0,14047.0,6.787772380728921,550.0,0.012341404328598038
16321090,30,28296.0,7129.0,9.134272433278259,549.0,0.016638019004149834
2694554,30,14572.0,6848.0,1.5156237570359972,529.0,0.002865073264718331
14257845,30,18338.0,7503.0,7.172689513960557,528.0,0.013584639230985903
26389107,30,41414.0,8071.0,10.602973120865261,528.0,0.020081388486487238
21016759,30,17174.0,6196.0,1.9737006452312937,522.0,0.003781035718833896
5044698,30,98550.0,35176.0,13.995507003739142,521.0,0.026862777358424458
15568932,30,22990.0,8161.0,2.8443324975519957,517.0,0.005501610246715659
24867560,30,22048.0,6952.0,6.234124576126545,511.0,0.012199852399464863
18095238,30,29947.0,7824.0,9.372853025764103,503.0,0.018633902635713923
24843279,30,10357.0,4597.0,3.0348673612785557,502.0,0.006045552512507083
6442596,30,23825.0,5520.0,8.016704616563782,500.0,0.016033409233127564
22391321,30,23606.0,7452.0,12.286487638261775,496.0,0.024771144431979385
11959615,30,39801.0,26960.0,15.466239708510345,496.0,0.031181934896190214
13422843,30,110601.0,41405.0,14.285924038997868,479.0,0.029824476073064442
32135670,30,56466.0,15178.0,12.597259394820885,470.0,0.02680267956344869
28795043,30,42824.0,11250.0,4.149697443841831,469.0,0.008847968963415416
5121547,30,20336.0,5931.0,15.409887441870037,467.0,0.032997617648543975
2390251,30,48641.0,15000.0,8.83460547176157,458.0,0.019289531597732685
31129938,30,21258.0,6616.0,8.086240881174362,455.0,0.017771957980602993
3828360,30,8613.0,2559.0,1.9220615225753752,440.0,0.004368321642216762
3073303,30,3429.0,913.0,0.1735832158514607,439.0,0.00039540595865936374
8710017,30,17525.0,6462.0,6.844471804541048,434.0,0.01577067236069366
3073304,30,5064.0,981.0,0.3056008531656989,434.0,0.0007041494312573708
28920697,30,18393.0,9677.0,7.6448256482032155,427.0,0.017903572946611747
28729624,30,19275.0,8282.0,5.878306524366571,419.0,0.014029371179872484
10960760,30,21748.0,9606.0,5.698250801668685,418.0,0.01363217895136049
27091104,30,15325.0,4781.0,4.459877614570814,416.0,0.010720859650410612
13166099,30,63938.0,15092.0,7.471641164975463,416.0,0.017960675877344862
28137208,30,67033.0,26513.0,12.605017502433054,415.0,0.030373536150441093
4828346,30,37316.0,9712.0,9.274128328493987,410.0,0.02261982519144875
26372320,30,5264.0,1925.0,2.2328100931948,400.0,0.005582025232987
25419531,30,52053.0,18094.0,6.8141448754137945,399.0,0.017078057331864148
30848316,30,11609.0,3569.0,2.3537395548300943,396.0,0.005943786754621451
29614011,30,37818.0,14525.0,15.35054524748936,393.0,0.03905991157121974
29534051,30,17175.0,6011.0,3.7395091527359225,389.0,0.009613134068729878
14445192,30,34519.0,8198.0,3.50804841612554,388.0,0.009041361897230774
13289562,30,37967.0,11993.0,6.535166418978966,387.0,0.016886734932762187
11500306,30,41625.0,17663.0,7.034574794923071,386.0,0.018224287033479458
3877975,30,22968.0,13255.0,4.224634154039086,385.0,0.010973075724776848
20817326,30,36496.0,15643.0,4.362921778285655,379.0,0.01151166696117587
19602309,30,114778.0,40393.0,18.9066062331647,373.0,0.050687952367733775
2716286,30,36531.0,14389.0,9.248831769681868,373.0,0.024795795629173906
30501159,30,12120.0,4248.0,7.03752307349799,370.0,0.019020332631075648
5281156,30,42222.0,12404.0,5.79776604128591,360.0,0.016104905670238638
9810200,30,29866.0,18502.0,5.101300851961869,356.0,0.01432949677517379
15073876,30,91735.0,28077.0,4.692324594871478,356.0,0.013180687064245723
2073319,30,3090.0,805.0,0.14280035285570777,354.0,0.00040339082727601066
10245630,30,9192.0,3161.0,2.612493593066229,353.0,0.007400831708402915
5871888,30,22314.0,6385.0,0.22313999999999898,352.0,0.0006339204545454517
13710655,30,3599.0,1048.0,1.0000325725791022,350.0,0.002857235921654578
2828357,30,73432.0,26019.0,30.03121214514934,346.0,0.08679541082413104
6210424,30,21533.0,9509.0,7.091195089597781,344.0,0.02061393921394704
2144729,30,15177.0,1704.0,1.3531199323431347,343.0,0.003944956070971238
12843317,30,27166.0,14567.0,16.27939762341956,341.0,0.04774016898363507
13300124,30,19317.0,5808.0,3.9628436144889667,340.0,0.011655422395555785
29903689,30,5316.0,450.0,0.7045306327614586,339.0,0.002078261453573624
3291800,30,25744.0,8787.0,7.670265144967407,338.0,0.022693092144873986
24119478,30,12200.0,3594.0,4.148635244667972,336.0,0.012347128704368963
20730227,30,14033.0,4299.0,9.846425083100161,334.0,0.029480314620060365
11803618,30,15887.0,4283.0,2.4203449353629023,334.0,0.00724654172264342
4406179,30,13924.0,4387.0,6.919624688380369,333.0,0.020779653718859967
27323540,30,21846.0,7647.0,1.5410198399272896,331.0,0.00465564906322444
26949222,30,11824.0,3593.0,3.8388474026173354,330.0,0.011632870917022229
28729609,30,12652.0,3993.0,4.2599679895958955,324.0,0.013148049350604615
13947795,30,57717.0,18661.0,26.18052938551054,317.0,0.0825884207744812
10002432,30,10561.0,4289.0,6.112713469757349,313.0,0.019529436005614534
13462158,30,18588.0,5877.0,8.580293013948497,307.0,0.02794883717898533
3694557,30,3688.0,1961.0,1.390627467634947,306.0,0.004544534207957343
27729624,30,23205.0,7636.0,9.321758951248093,299.0,0.031176451341966865
2407403,30,9382.0,1701.0,0.6871601610785796,296.0,0.002321487030670877
497590,30,27802.0,8837.0,2.21161985694467,296.0,0.007471688705894155
29687343,30,5880.0,2886.0,0.989216251520596,295.0,0.0033532754288833765
22891673,30,9334.0,3580.0,6.9163536234847,291.0,0.023767538225033333
5121533,30,11685.0,3377.0,5.512625708660031,290.0,0.01900905416779321
6686703,30,17029.0,5948.0,9.667084221589832,286.0,0.033800993781782626
27891651,30,23789.0,8908.0,5.512268163078557,279.0,0.01975723355942135
16307476,30,10721.0,3551.0,5.191823430443027,278.0,0.018675623850514488
21257831,30,21605.0,9122.0,5.2371761336143345,276.0,0.01897527584642875
73325,30,5692.0,1511.0,0.4252947165857514,275.0,0.0015465262421300052
5121534,30,12508.0,3311.0,5.140188374901122,274.0,0.018759811587230373
25119476,30,16094.0,5232.0,4.153336134139377,271.0,0.015325963594610248
716288,30,57379.0,18292.0,8.766629929391843,270.0,0.03246899973848831
17288262,30,18009.0,5211.0,6.724338573129613,268.0,0.02509081557137915
8500299,30,20444.0,10271.0,16.29198045272999,267.0,0.0610186533810112
690012,30,17430.0,3250.0,2.244154407160872,266.0,0.0084366707036123
9700343,30,10093.0,4388.0,2.5662726230271913,263.0,0.009757690581852439
20922679,30,17202.0,6378.0,5.813386099141908,263.0,0.02210412965453197
30427825,30,14278.0,3498.0,4.343545770586558,262.0,0.01657841897170442
15506600,30,2665.0,769.0,0.4927604859905753,260.0,0.0018952326384252896
29531976,30,1487.0,450.0,0.11372688777039296,260.0,0.0004374111068092037
1415896,30,11965.0,4641.0,4.623120446665969,252.0,0.01834571605819829
12100671,30,39019.0,12752.0,6.683368661037029,251.0,0.02662696677703996
32398755,30,21474.0,8303.0,5.245194592640739,251.0,0.020897189612114498
2953716,30,38028.0,14344.0,2.4729306593274103,247.0,0.01001186501751988
20097969,30,18568.0,5995.0,3.6284622623149816,247.0,0.014690130616659844
4869923,30,15033.0,7822.0,6.601415106665661,246.0,0.026835020758803497
14118031,30,9778.0,4751.0,6.273637466428979,244.0,0.025711628960774505
11028540,30,14355.0,4164.0,1.051989689309448,242.0,0.004347064831857223
21443086,30,17633.0,6115.0,5.360724573274176,237.0,0.022619091026473317
884761,30,20375.0,8282.0,5.412405740176605,236.0,0.02293392262786697
604244,30,14701.0,7901.0,0.8131033724681912,231.0,0.003519928019342819
32398758,30,11209.0,4298.0,3.5585794898225265,228.0,0.015607804779923361
17314989,30,11739.0,4080.0,1.7476765552218652,224.0,0.007802127478669041
9097339,30,20835.0,7781.0,8.477932513437425,222.0,0.038188885195664074
13445189,30,7490.0,2031.0,1.904415636466031,221.0,0.008617265323375705
12843316,30,9592.0,6501.0,3.7652373908976737,221.0,0.017037273261980426
13462155,30,11683.0,3788.0,5.05361972638918,219.0,0.02307588916159443
22695010,30,6454.0,1996.0,2.594273382638646,218.0,0.011900336617608467
3406182,30,7111.0,2177.0,1.3218861090109741,217.0,0.006091641055350111
29345613,30,20671.0,6270.0,8.16988117685879,217.0,0.037649222013174145
22431924,30,16858.0,4437.0,3.3541132110656124,216.0,0.01552830190308154
27614018,30,18027.0,7304.0,2.6578988259587355,216.0,0.012305087157216368
23852330,30,9072.0,3739.0,6.509149546513795,215.0,0.030275114169831606
27684173,30,13767.0,4456.0,3.209152222467928,212.0,0.015137510483339283
83677,30,42678.0,12682.0,13.07706866535365,211.0,0.0619766287457519
30175072,30,17378.0,5581.0,9.610946726255852,209.0,0.045985391034716994
26091099,30,12603.0,4266.0,5.069532865120512,208.0,0.02437275415923323
4800911,30,18333.0,7842.0,2.2196529335629256,207.0,0.010722961031704954
23377306,30,15433.0,4425.0,3.5970988109141246,207.0,0.017377288941614128
20640037,30,24747.0,9460.0,5.5980690609099915,207.0,0.027043811888454065
23288223,30,5684.0,2203.0,0.6714653024503502,205.0,0.003275440499757806
15959625,30,24759.0,6735.0,3.581905096749497,204.0,0.017558358317399495
18916124,30,9307.0,2224.0,2.502276550294211,204.0,0.012266061521050054
13661597,30,41107.0,14403.0,8.411722517213482,202.0,0.04164219067927466
946549,30,14323.0,4168.0,2.113092489557412,202.0,0.010460853908700059
28864843,30,6352.0,2477.0,4.503273751506782,202.0,0.022293434413399912
4293600,30,29383.0,7773.0,3.2923884686438023,201.0,0.01638004213255623
26614024,30,4909.0,1786.0,2.4835801225675236,199.0,0.012480302123454893
2342814,30,6386.0,2371.0,3.354778372131212,196.0,0.01711621618434292
27323541,30,18707.0,7376.0,2.4949065232079417,195.0,0.012794392426707393
23530192,30,15183.0,6268.0,7.591257449232371,193.0,0.03933294015146306
12002431,30,11658.0,4969.0,1.7334514071255007,193.0,0.008981613508422283
15321102,30,5236.0,1977.0,3.974666786113006,191.0,0.020809773749282754
10383101,30,11380.0,4527.0,2.7261292121086704,191.0,0.01427292781208728
18498853,30,45093.0,7341.0,3.389119597674073,191.0,0.01774408166321504
26998434,30,16229.0,7365.0,3.637283312420248,190.0,0.0191435963811592
24982961,30,4332.0,2489.0,0.9299658115325736,189.0,0.004920454029272876
25998433,30,27781.0,9259.0,2.803638985998093,187.0,0.014992721850257181
3694556,30,6562.0,3222.0,0.8107160601920527,186.0,0.004358688495656197
18916125,30,5190.0,1247.0,1.5921353498130122,185.0,0.008606137026016283
7544834,30,9962.0,1220.0,0.847123978259359,185.0,0.00457904853113167
27091101,30,5000.0,1884.0,2.492910097711298,185.0,0.013475189717358367
604249,30,13712.0,6455.0,0.8532861787844048,185.0,0.004612357723158945
29614010,30,12237.0,5046.0,5.112163016984372,184.0,0.02778349465752376
7828339,30,7603.0,2413.0,8.19385625537155,182.0,0.045021188216327196
14466837,30,10023.0,3425.0,3.836290548017397,181.0,0.021194975403411035
20695010,30,19406.0,3518.0,1.0743737445160462,176.0,0.006104396275659354
31323522,30,7731.0,1142.0,0.8934033120292557,174.0,0.005134501793271584
20309767,30,6252.0,2535.0,1.177875193929895,174.0,0.0067693976662637646
8634899,30,4759.0,1761.0,0.6461159228043427,174.0,0.0037133099011743835
24045154,30,10092.0,3283.0,3.4832393506027017,172.0,0.02025139157327152
30487330,30,2802.0,1050.0,0.08462233855845933,171.0,0.0004948674769500545
14576401,30,15752.0,6390.0,6.829091960978543,171.0,0.03993621029812013
3291799,30,8320.0,2889.0,3.397884359089571,171.0,0.01987066876660568
17491634,30,8755.0,2747.0,1.561771632178054,169.0,0.009241252261408603
10491643,30,21645.0,8018.0,2.6060217082477815,167.0,0.01560492040866935
12042373,30,25557.0,7643.0,2.48508917007672,167.0,0.014880773473513294
7877971,30,9049.0,3957.0,0.9582449280132487,167.0,0.005737993580917657
10810198,30,9124.0,5752.0,1.5255641793890116,167.0,0.009135114846640788
5743167,30,7695.0,2887.0,4.750287128157087,167.0,0.028444833102737047
29531977,30,1134.0,314.0,0.1316050394340331,165.0,0.0007976062996002005
6516505,30,16182.0,6521.0,3.643658069036468,165.0,0.022082776175978595
18443077,30,16784.0,5556.0,2.0404816976269027,164.0,0.012441961570895749
28071513,30,4902.0,1668.0,2.3766363259018006,162.0,0.014670594604332102
18436526,30,23430.0,6312.0,1.7458908127703407,161.0,0.010844042315343732
23852343,30,11602.0,4851.0,8.079408812291355,160.0,0.05049630507682097
1130498,30,23247.0,7126.0,8.219443580187145,159.0,0.051694613711868835
29687342,30,3215.0,1409.0,0.5752606305739942,158.0,0.003640890066924014
29864831,30,4069.0,1569.0,1.6577875513513534,158.0,0.010492326274375654
13576407,30,25560.0,7438.0,3.898245175537418,155.0,0.025149968874434957
14891867,30,4189.0,1472.0,1.9433833738711006,149.0,0.013042841435376514
7351509,30,6314.0,2323.0,6.617826945061285,148.0,0.04471504692608976
2953712,30,5249.0,1665.0,1.6698557890161265,148.0,0.011282809385244098
5084322,30,8162.0,3038.0,1.1356300409936133,147.0,0.0077253744285279815
31330666,30,8917.0,3393.0,1.8224705040881763,146.0,0.012482674685535454
2716294,30,11203.0,4598.0,3.33800959442214,145.0,0.023020755823600966
12289574,30,42523.0,15615.0,8.96692980926087,144.0,0.062270345897644935
29862638,30,6915.0,3054.0,5.056757637084341,144.0,0.03511637247975237
22419532,30,39020.0,11980.0,4.475217903819683,143.0,0.03129523009664114
20458055,30,22704.0,5545.0,5.783582835773139,143.0,0.04044463521519678
2462355,30,2446.0,1191.0,0.21351165859563134,142.0,0.0015036032295466996
26998432,30,12526.0,4635.0,2.446595144141079,142.0,0.017229543268599146
9500303,30,11140.0,5425.0,9.841154102590464,140.0,0.07029395787564617
31452108,30,4347.0,1354.0,1.450632123114641,139.0,0.010436202324565763
6442601,30,5163.0,2211.0,0.8443054036973199,138.0,0.006118155099255941
12321091,30,7088.0,2188.0,1.9710758775325425,136.0,0.01449320498185693
8877963,30,12465.0,5472.0,2.583228623427247,136.0,0.018994328113435637
26949221,30,6443.0,1919.0,1.0906960769890897,133.0,0.008200722383376614
28726401,30,6100.0,1548.0,3.545205040532245,132.0,0.026857613943426097
7336375,30,6839.0,2390.0,2.0614627169469255,131.0,0.015736356617915462
9042365,30,9071.0,3283.0,4.492780138390182,131.0,0.03429603159076475
442617,30,11404.0,3129.0,1.869235858358704,131.0,0.014268976018005374
21307468,30,11331.0,2433.0,1.5310971525003658,131.0,0.011687764522903555
24119481,30,17834.0,4760.0,1.313111984892218,130.0,0.01010086142224783
1946547,30,10005.0,3420.0,1.2911062062849368,129.0,0.010008575242518889
19661713,30,14715.0,3064.0,4.803167343211684,129.0,0.037233855373733984
30752994,30,49911.0,21745.0,8.001536751680218,128.0,0.0625120058725017
23852344,30,5322.0,2413.0,7.363236851566857,128.0,0.05752528790286607
31129937,30,4642.0,1596.0,2.8265437989242974,126.0,0.02243288729304998
29614013,30,14232.0,5972.0,3.63018306308743,126.0,0.02881097669117008
17051292,30,2654.0,883.0,1.1254061527688497,126.0,0.008931794863244838
7828337,30,3715.0,1283.0,1.9243018753569272,124.0,0.01551856351094296
13104554,30,10413.0,2959.0,2.5941797797450343,124.0,0.02092080467536318
1341195,30,13543.0,4429.0,1.0556225096855956,121.0,0.008724152972608227
12458065,30,9407.0,4263.0,1.6417578155199002,121.0,0.013568246409255373
3406183,30,8107.0,2163.0,2.462077614104895,120.0,0.02051731345087412
17445189,30,5251.0,1532.0,0.7018380701976173,120.0,0.0058486505849801446
28389117,30,19759.0,5956.0,3.9282927799336287,120.0,0.03273577316611357
29513913,30,10852.0,5200.0,3.5819823252661522,119.0,0.030100691808959263
12407222,30,10793.0,5100.0,6.657457140732977,119.0,0.05594501798935275
27990027,30,13636.0,5518.0,2.9727214984916093,117.0,0.02540787605548384
31775712,30,9194.0,2662.0,1.87598107016011,116.0,0.016172250604828534
14104562,30,8226.0,2817.0,5.054663460876099,116.0,0.04357468500755258
8403843,30,5177.0,1929.0,2.8784278939713306,116.0,0.024814033568718367
11765782,30,3551.0,1802.0,1.3467904398165917,115.0,0.01171122121579645
29614012,30,12873.0,5291.0,3.7052968096836962,114.0,0.032502603593716636
25064375,30,11605.0,3145.0,2.568007940923325,114.0,0.022526385446695836
26614035,30,5144.0,1675.0,2.233012228526036,114.0,0.01958782656601786
14398567,30,4650.0,1307.0,1.3205801579533922,113.0,0.011686550070384003
22071675,30,2504.0,1036.0,1.7295795981808582,111.0,0.015581798181809534
6697150,30,10818.0,3334.0,2.5172630557248876,111.0,0.02267804554707106
32452108,30,10145.0,3079.0,0.6371202951462753,111.0,0.005739822478795273
2865319,30,5449.0,1865.0,2.3983612459771226,111.0,0.02160685807186597
15823034,30,5943.0,1980.0,3.838952049869583,110.0,0.03489956408972348
18498193,30,15383.0,3869.0,3.956417640283642,110.0,0.035967433093487655
11772330,30,11433.0,3303.0,0.9545343500132383,110.0,0.008677585000120348
12288258,30,14596.0,3899.0,3.8860201823224374,110.0,0.03532745620293125
13770704,30,12260.0,3650.0,1.7313168072589846,109.0,0.015883640433568665
30471712,30,6690.0,3561.0,1.9826477014185888,108.0,0.018357849087209156
1341198,30,2841.0,862.0,0.7362567556298939,107.0,0.0068809042582233075
4804073,30,3974.0,1470.0,1.0905603291928938,107.0,0.010192152609279382
22891668,30,16362.0,3347.0,2.3933598586480342,107.0,0.02236784914624331
24321351,30,10650.0,3536.0,2.8629931192418026,106.0,0.027009369049450966
17661711,30,5252.0,2037.0,2.2669070051268956,105.0,0.021589590525018052
3788051,30,6351.0,1395.0,2.099805720840022,105.0,0.019998149722285922
26534046,30,6203.0,2030.0,1.424073810894653,105.0,0.013562607722806218
26071516,30,7709.0,2875.0,4.29599995136598,104.0,0.041307691840057496
27031690,30,10370.0,3795.0,0.8055758929902994,104.0,0.007745922047983648
16491630,30,8078.0,2971.0,2.89372583751315,104.0,0.027824286899164902
25843273,30,3198.0,1349.0,0.8968371198408241,104.0,0.008623433844623309
2865318,30,3989.0,1310.0,2.9557015143764174,104.0,0.028420206869004015
10123946,30,5534.0,2365.0,1.1007713983440661,103.0,0.010687100954796759
4406178,30,1789.0,471.0,0.6275699492309075,102.0,0.006152646561087328
29091102,30,11139.0,3254.0,1.7309947119966635,102.0,0.016970536392124154
17091415,30,8214.0,2951.0,1.8614538655925397,102.0,0.018249547701887643
30676250,30,35243.0,9926.0,3.2723955101605595,101.0,0.03239995554614415
5316929,30,12876.0,3108.0,1.5987749369343531,101.0,0.01582945482113221
12845408,30,5695.0,1810.0,0.45756317735470925,101.0,0.004530328488660487
24491616,30,9031.0,4214.0,2.680569696734383,100.0,0.026805696967343827
7336371,30,5694.0,2007.0,1.2460142736181201,100.0,0.012460142736181202
26491443,30,5770.0,2565.0,2.459231505235115,100.0,0.02459231505235115
26949223,30,2847.0,982.0,0.9848447614629637,99.0,0.00994792688346428
25866076,30,22429.0,8650.0,2.524426320192097,99.0,0.02549925575951613
28874676,30,48067.0,18497.0,8.34665789608305,99.0,0.08430967571801061
3884873,30,14775.0,6252.0,0.9695516236811851,98.0,0.009893383915114134
17132183,30,13069.0,4713.0,1.7931398829406024,98.0,0.01829734574429186
23852331,30,4769.0,1659.0,1.8657189491306032,97.0,0.019234215970418588
7144711,30,12846.0,3516.0,3.5124145021708086,97.0,0.03621045878526607
8407229,30,10567.0,5382.0,2.39205235191908,96.0,0.024917211999157085
19000595,30,7985.0,2397.0,1.7889249819282618,96.0,0.018634635228419395
10321103,30,22396.0,8263.0,14.07851931099882,95.0,0.14819494011577705
28864844,30,4100.0,1369.0,1.9839458565392263,95.0,0.02088364059514975
26874680,30,11239.0,3352.0,1.471462599737322,95.0,0.01548907999723497
2865315,30,20016.0,10702.0,3.2245124145719766,95.0,0.033942235942862914
22589171,30,16614.0,3148.0,3.95343321807343,94.0,0.04205780019227053
29175063,30,13020.0,4208.0,2.1334926466454847,94.0,0.022696730283462602
26389108,30,13571.0,2263.0,4.447904440980814,94.0,0.04731813235085972
7075386,30,8661.0,4113.0,1.1078002182581472,94.0,0.011785108704873907
25998435,30,15596.0,5307.0,4.347358500802619,94.0,0.04624849468938956
1632450,30,7555.0,2836.0,2.851368331476217,93.0,0.030659874532002335
15323491,30,4915.0,1884.0,2.6336208739709717,92.0,0.028626313847510562
10462151,30,8126.0,3016.0,3.2227331270313173,92.0,0.03502970790251432
27385784,30,17125.0,5911.0,1.8157927722659684,92.0,0.0197368779594127
9700342,30,3956.0,1687.0,1.5510340745607591,92.0,0.016859066027834338
11938638,30,44185.0,12172.0,13.833948802664164,92.0,0.15036900872461048
289466,30,9196.0,3030.0,2.143085916623181,92.0,0.023294412137208488
9097340,30,5734.0,2291.0,4.8282119026357835,91.0,0.05305727365533828
14104561,30,10170.0,2893.0,4.917239187297427,91.0,0.054035595464806886
24267774,30,8692.0,3644.0,0.8063428016057449,91.0,0.008860909907755439
17916128,30,3458.0,602.0,0.43071423396749414,90.0,0.004785713710749935
25998432,30,44748.0,14867.0,2.565898761855615,89.0,0.02883032316691702
27888153,30,15028.0,5264.0,2.9295351804086645,89.0,0.032916125622569264
22726403,30,6270.0,1873.0,4.0434075442613855,88.0,0.04594781300297029
24982960,30,2885.0,1247.0,0.6998871232907113,88.0,0.007953262764667174
7210407,30,3720.0,1926.0,0.43494275855945413,88.0,0.004942531347266525
21765872,30,12261.0,4668.0,1.910971915686329,88.0,0.02171558995098101
22233130,30,17524.0,7301.0,6.886885671903275,87.0,0.07915960542417558
5061823,30,5738.0,2017.0,2.3366392468644066,87.0,0.0268579223777518
24391301,30,10648.0,2539.0,1.3965910765087783,87.0,0.016052770994353774
14300126,30,4284.0,1461.0,1.0348937369590585,87.0,0.011895330309874236
4828354,30,7656.0,2529.0,2.263101561185393,87.0,0.02601266162282061
16920604,30,4861.0,1526.0,1.3443453535305079,86.0,0.015631922715471022
17686795,30,9671.0,3602.0,2.8127645471549996,86.0,0.03270656450180232
6121534,30,8031.0,4322.0,1.2356089721870664,85.0,0.014536576143377252
3422224,30,6856.0,2030.0,0.9149336651185426,85.0,0.010763925471982854
1313883,30,5873.0,1718.0,3.3306402779510735,85.0,0.03918400327001263
7980574,30,2768.0,1075.0,0.29291966260245755,85.0,0.003446113677675971
25866075,30,13349.0,3031.0,0.7295523499238595,84.0,0.00868514702290309
29513908,30,4219.0,1705.0,1.0416478465743777,84.0,0.012400569602075926
8695046,30,3105.0,1251.0,0.3899606367713339,84.0,0.0046423885329920705
1428788,30,7613.0,3763.0,0.9291577018812731,82.0,0.011331191486356989
23695013,30,13902.0,3940.0,2.058951432369803,82.0,0.025109163809387842
4676898,30,5973.0,1872.0,1.7596599922477296,81.0,0.021724197435157157
9100694,30,6051.0,2319.0,1.320188359621266,81.0,0.016298621723719334
1871873,30,3001.0,656.0,0.6403516552910683,77.0,0.008316255263520367
8904991,30,1462.0,536.0,0.389505250416228,76.0,0.005125069084424053
16422824,30,6004.0,2321.0,2.27684752523493,76.0,0.029958520068880657
4814007,30,48054.0,16976.0,7.079048982942787,76.0,0.09314538135451035
22723823,30,15298.0,5858.0,1.9733038449059574,76.0,0.025964524275078386
7299461,30,15028.0,2728.0,2.2792486952086604,76.0,0.029990114410640267
25172774,30,10909.0,2759.0,0.8655043843552901,75.0,0.011540058458070535
13300118,30,11747.0,3219.0,2.719503329226483,74.0,0.036750044989547065
16920597,30,3842.0,1244.0,1.1525050227661382,74.0,0.015574392199542408
15574227,30,8932.0,3400.0,5.63743641953534,74.0,0.07618157323696405
5612724,30,7141.0,2381.0,2.6922048196218977,72.0,0.03739173360585969
13823055,30,6441.0,1914.0,1.813670793190656,72.0,0.025189872127648
30471715,30,1607.0,742.0,0.2678796451855528,72.0,0.003720550627577122
5177431,30,17900.0,4989.0,2.170648395014027,71.0,0.030572512605831367
24419530,30,4900.0,2134.0,1.7779179660651416,71.0,0.025041098113593546
20530187,30,12494.0,4176.0,2.68942827312198,70.0,0.038420403901742575
11835565,30,1747.0,653.0,0.18246264339584475,70.0,0.0026066091913692106
8891880,30,6137.0,2112.0,2.9928226472108492,70.0,0.042754609245869275
30175073,30,10122.0,3586.0,5.453945341279073,70.0,0.07791350487541532
11387831,30,4855.0,1753.0,0.6714553476637444,69.0,0.009731236922662962
32135680,30,6844.0,2218.0,1.5463512382874487,69.0,0.0224108875114123
1586481,30,19068.0,5814.0,11.170600922579505,68.0,0.16427354297911037
29513915,30,4174.0,1799.0,1.4497286834010463,68.0,0.021319539461780092
5700346,30,13267.0,4312.0,3.260837529529337,67.0,0.048669216858646815
31265168,30,8359.0,1459.0,1.9739317324882015,67.0,0.029461667649077636
7892338,30,2730.0,780.0,0.4292462106630424,66.0,0.006503730464591552
24526835,30,5747.0,1376.0,1.042531988357565,65.0,0.01603895366703946
8214946,30,7536.0,2585.0,1.1160941978511094,64.0,0.017438971841423585
31129939,30,5452.0,1662.0,1.4692618745129151,64.0,0.0229572167892643
22071674,30,2728.0,1125.0,1.5306588991553207,64.0,0.023916545299301886
12947794,30,24744.0,6607.0,5.6609726642780105,64.0,0.08845269787934391
5892331,30,8214.0,2179.0,1.511759098488385,63.0,0.0239961761664823
3610770,30,4893.0,2509.0,0.7065544334231362,63.0,0.011215149736875178
20717215,30,15868.0,5102.0,4.20932196317633,63.0,0.06681463433613222
6886825,30,3248.0,1117.0,0.5017929293896831,63.0,0.007964967133169572
23385780,30,14280.0,3931.0,11.347766354953693,62.0,0.1830284895960273
22496144,30,2109.0,750.0,0.5856241491573431,62.0,0.009445550792860372
26998439,30,4080.0,1825.0,0.2530073936577015,62.0,0.004080764413833895
12654888,30,3013.0,1114.0,0.3567754599757793,62.0,0.00575444290283515
15959620,30,9048.0,3673.0,4.719258436775066,61.0,0.07736489240614862
13576416,30,4363.0,1862.0,2.1046527248083153,61.0,0.03450250368538222
13435356,30,1765.0,829.0,0.9201524165674465,61.0,0.015084465845367975
22451482,30,11991.0,4851.0,3.7615249409284783,60.0,0.06269208234880798
30676243,30,8380.0,3068.0,2.904899069383887,60.0,0.04841498448973145
14006998,30,7238.0,2232.0,3.7823287665014114,60.0,0.06303881277502352
3877978,30,4686.0,1652.0,0.8765674933908667,60.0,0.014609458223181111
14398570,30,3966.0,1295.0,0.7568909683221167,59.0,0.012828660480035876
32321347,30,3574.0,1105.0,0.56469195709485,59.0,0.009571050120251695
11642017,30,2030.0,564.0,0.8140869690480269,59.0,0.013798084221152999
7681481,30,12175.0,2846.0,0.7003411785702914,59.0,0.011870189467293076
11843320,30,18463.0,4899.0,1.9265094028520982,59.0,0.0326527017432559
13458071,30,7826.0,2307.0,2.0951060829516397,58.0,0.03612251867157999
28031695,30,9532.0,3597.0,0.8796102372986033,58.0,0.015165693746527643
1632451,30,4179.0,1382.0,2.1047843798274117,58.0,0.036289385859093304
13442454,30,635.0,236.0,0.05540379544132729,58.0,0.0009552378524366775
32405311,30,2576.0,1206.0,1.58982491474954,57.0,0.027891665171044563
27009857,30,7266.0,2081.0,0.9212456331208462,57.0,0.016162204089839406
12351511,30,4383.0,1724.0,1.4296150604621523,57.0,0.025080965973020217
29140152,30,6322.0,2763.0,1.175805718639885,56.0,0.020996530689997944
17435335,30,8476.0,3037.0,2.5563344681871136,56.0,0.0456488297890556
30328739,30,16396.0,5210.0,10.607090998794764,56.0,0.1894123392641922
20377297,30,20407.0,6563.0,13.296833666021964,56.0,0.2374434583218208
32137193,30,3412.0,951.0,0.5373418394623486,56.0,0.009595389990399081
31084986,30,4606.0,1677.0,0.7529814333483207,55.0,0.013690571515424013
26729616,30,4677.0,1603.0,0.7711755659875054,55.0,0.014021373927045552
29513916,30,9508.0,4348.0,3.1272104100777267,55.0,0.0568583710923223
3313894,30,11754.0,3953.0,4.314384600418993,55.0,0.07844335637125442
12765785,30,9025.0,2949.0,0.7955233740204607,55.0,0.014464061345826559
21096019,30,22209.0,8216.0,4.576331945627607,55.0,0.08320603537504741
26945970,30,4480.0,1847.0,0.5552060423297709,55.0,0.010094655315086744
25259856,30,7541.0,1809.0,1.003962919966981,55.0,0.01825387127212693
26383493,30,8734.0,3678.0,1.2711078971384253,54.0,0.023539035132193062
15518374,30,603.0,216.0,0.11502828253692708,54.0,0.0021301533803134644
4407386,30,13437.0,3775.0,0.5682618415133739,53.0,0.010721921537988186
20496139,30,6412.0,1001.0,0.9352948760635016,53.0,0.017647073133273614
17132179,30,3678.0,751.0,1.4277067916403914,53.0,0.026937863993214933
828346,30,10610.0,3629.0,1.5572597155484444,53.0,0.029382258783932913
6697149,30,5575.0,1688.0,1.387864472945745,53.0,0.026186122131051794
73322,30,735.0,222.0,0.11504258728980503,52.0,0.002212357447880866
24097956,30,5210.0,1497.0,0.8493559143493712,52.0,0.016333767583641752
28795047,30,2470.0,942.0,1.4188849045810579,52.0,0.027286248165020344
25102583,30,13342.0,5906.0,1.1269255234400566,52.0,0.02167164468153955
32135669,30,2620.0,955.0,1.5021827232343157,52.0,0.02888812929296761
31491419,30,3747.0,1385.0,3.0068391974056325,52.0,0.05782383071933909
1869939,30,5723.0,3366.0,3.063753488162044,51.0,0.0600735978070989
31748229,30,2655.0,1482.0,0.4821553548184857,51.0,0.009454026565068347
11765780,30,1409.0,867.0,0.6104109092555755,51.0,0.01196884135795246
28752988,30,4102.0,636.0,0.5964872019378489,51.0,0.011695827488977429
32385772,30,6090.0,1515.0,1.1328301175644246,50.0,0.022656602351288493
18899195,30,3714.0,2228.0,1.0571553786849834,50.0,0.02114310757369967
15500296,30,7343.0,1440.0,0.7887662007048069,50.0,0.015775324014096138
28233117,30,1018.0,137.0,0.1308584758029623,50.0,0.002617169516059246
16920603,30,1976.0,631.0,0.4515325212578033,49.0,0.009214949413424557
20916101,30,1742.0,785.0,0.406124101742467,49.0,0.00828824697433606
18323505,30,12791.0,4095.0,6.359431622443122,49.0,0.12978431882536984
3144706,30,29905.0,10527.0,9.983543680091541,48.0,0.20799049333524045
16294809,30,5015.0,1910.0,0.7184933604906388,48.0,0.014968611676888309
24936122,30,2089.0,352.0,0.5267338884280611,48.0,0.010973622675584606
7845418,30,5511.0,3072.0,2.016736604382906,47.0,0.042909289454955445
15885288,30,6794.0,1995.0,1.300751978894754,47.0,0.027675574019037318
21658041,30,7037.0,2658.0,2.73198684684064,47.0,0.05812737972001361
26383495,30,2560.0,927.0,1.3032570800901941,47.0,0.027728874044472215
12700456,30,9876.0,3700.0,4.165030213740518,47.0,0.08861766412213869
7403871,30,2328.0,560.0,0.35614971438392895,47.0,0.007577653497530403
26750602,30,4550.0,1338.0,1.5122554397507015,47.0,0.032175647654270244
13576413,30,6360.0,2621.0,3.3263766989203516,47.0,0.07077397231745429
24045148,30,4924.0,1263.0,0.9205546887573028,46.0,0.020012058451245714
18836888,30,7084.0,1783.0,1.7012585972189478,46.0,0.03698388254823799
20445163,30,3850.0,1318.0,0.6403493793779318,46.0,0.013920638682128951
24045153,30,2317.0,757.0,0.5644853481245655,46.0,0.012271420611403598
25675129,30,10596.0,4187.0,2.681952154079302,46.0,0.058303307697376135
3858763,30,1099.0,464.0,0.39027275548217,46.0,0.008484190336568912
11746439,30,2102.0,582.0,1.335499422082479,46.0,0.029032596132227802
29874688,30,5727.0,2001.0,2.10964048854887,45.0,0.04688089974553045
22445172,30,11242.0,4059.0,1.8780888868056018,45.0,0.04173530859568004
26998433,30,6334.0,2462.0,1.2110472872016176,45.0,0.026912161937813723
5781045,30,3770.0,1588.0,2.2408437929487453,45.0,0.04979652873219434
23330020,30,8636.0,3397.0,3.85299313757885,45.0,0.08562206972397444
7336381,30,5296.0,1696.0,0.9645946025904363,45.0,0.021435435613120807
26903589,30,2848.0,1257.0,1.2976078250218503,43.0,0.030176926163298846
5474094,30,2462.0,1023.0,1.6625528802273903,43.0,0.038664020470404424
25045155,30,1264.0,529.0,0.9225280939623681,43.0,0.021454141720055074
12089516,30,4948.0,1629.0,0.40852729439910973,42.0,0.009726840342835946
6336377,30,11017.0,3974.0,2.1487900199195353,42.0,0.051161667140941315
10055720,30,1895.0,645.0,1.1423926412669028,42.0,0.027199824792069113
22274902,30,13149.0,1991.0,2.3123164515424515,42.0,0.055055153608153606
13466843,30,5367.0,2023.0,2.2280802617303523,42.0,0.05304953004119887
6015885,30,2700.0,1048.0,1.1013930835880101,42.0,0.026223644847333576
31262852,30,1619.0,739.0,0.689071313326386,42.0,0.01640645984110443
4084327,30,929.0,340.0,0.2537800334352391,41.0,0.006189756913054612
14102485,30,13462.0,4068.0,9.631101432653697,40.0,0.24077753581634243
17661709,30,6185.0,1719.0,3.2062384687331913,40.0,0.08015596171832978
10746437,30,1299.0,430.0,1.051755941079863,39.0,0.026968101053329818
13661607,30,2307.0,705.0,0.47983233546712184,39.0,0.012303393217105689
13947793,30,23920.0,8312.0,5.906291705168564,38.0,0.15542872908338326
19129845,30,4555.0,1047.0,1.3452606588510696,38.0,0.03540159628555446
29513914,30,4343.0,1568.0,1.0830996587411137,38.0,0.02850262259845036
27644431,30,2564.0,296.0,0.23522800757827414,38.0,0.006190210725744057
5743152,30,2544.0,785.0,1.3510597376942473,38.0,0.03555420362353282
27872610,30,3139.0,1162.0,0.9248560897765717,38.0,0.024338318152015048
17314986,30,3167.0,994.0,0.6224199742724623,37.0,0.016822161466823304
27491436,30,5382.0,1371.0,1.5075551674042165,37.0,0.04074473425416801
8877966,30,2824.0,1259.0,1.4350265260731607,37.0,0.03878450070468002
23330022,30,8116.0,1242.0,1.1478655306688215,37.0,0.031023392720778958
22891661,30,5559.0,1957.0,1.5887442993665,37.0,0.042939035118013516
15661602,30,10586.0,3680.0,5.845592702984655,37.0,0.15798899197255825
20898399,30,5089.0,1257.0,1.4251122613380955,37.0,0.03851654760373231
26998435,30,6408.0,1904.0,1.2620806077120497,37.0,0.034110286694920264
3858764,30,2548.0,833.0,0.47321344945361954,37.0,0.012789552687935662
7828336,30,1824.0,580.0,1.8585964688764989,36.0,0.05162767969101386
28091103,30,2960.0,1070.0,0.6460130521519498,36.0,0.01794480700422083
7869916,30,2822.0,924.0,1.322034032151149,36.0,0.03672316755975414
29874686,30,7325.0,2833.0,1.5964526993490549,36.0,0.04434590831525152
25998434,30,3444.0,1012.0,0.913087593815629,35.0,0.02608821696616083
8403853,30,1038.0,405.0,0.18449399192124308,35.0,0.005271256912035517
12042241,30,1113.0,424.0,0.21567934181383325,34.0,0.006343510053348037
10810197,30,3064.0,2028.0,0.5100712814642547,34.0,0.01500209651365455
16184514,30,634.0,163.0,0.09823339251233912,34.0,0.0028892174268335034
29874685,30,12173.0,5156.0,3.017480006007117,34.0,0.08874941194138579
2077112,30,8596.0,2516.0,1.9262145142221043,34.0,0.05665336806535601
27009860,30,6755.0,2673.0,3.2092112427830153,34.0,0.09438856596420633
12491647,30,10794.0,3742.0,0.7471905281379034,33.0,0.022642137216300103
32042839,30,1754.0,613.0,0.7825192996941929,33.0,0.02371270605133918
6513183,30,6753.0,921.0,1.3272351956411994,33.0,0.040219248352763616
28257820,30,1955.0,500.0,0.5532928272249985,33.0,0.01676644930984844
16920602,30,2600.0,730.0,1.2128022573332249,32.0,0.03790007054166328
8403854,30,1886.0,844.0,0.748578857666467,31.0,0.024147705086015065
12987593,30,13196.0,5185.0,4.978226113680953,31.0,0.16058793915099848
20898401,30,3599.0,888.0,1.2941095629584072,31.0,0.041745469772851845
12810171,30,1342.0,390.0,0.15660136770742497,31.0,0.00505165702282016
3139444,30,4470.0,1303.0,1.0862287274349378,30.0,0.03620762424783126
11042365,30,6168.0,2364.0,1.6662872347706803,30.0,0.055542907825689346
31427832,30,210.0,58.0,0.028580402483889693,29.0,0.0009855311201341275
24045147,30,1237.0,496.0,0.6337295346284629,29.0,0.021852742573395274
23346188,30,3736.0,1383.0,1.3797715148218799,29.0,0.0475783280973062
18104558,30,2591.0,1064.0,1.0357561398709147,29.0,0.03571572896106603
7413800,30,4119.0,1565.0,1.7961026885360722,28.0,0.064146524590574
16506604,30,3748.0,1217.0,1.6845961175676303,28.0,0.06016414705598679
12513174,30,4727.0,492.0,0.8519694751199228,28.0,0.03042748125428296
336258,30,1227.0,570.0,0.6403202884089425,28.0,0.022868581728890804
1716282,30,5952.0,1396.0,1.3004458569898583,28.0,0.046444494892494935
28385762,30,4873.0,1398.0,0.5371070922242065,28.0,0.019182396150864516
7462178,30,15098.0,4582.0,8.49873982037292,27.0,0.31476814149529336
16040127,30,2545.0,498.0,0.24669139202108342,27.0,0.00913671822300309
21005924,30,1143.0,475.0,1.2909026922200424,27.0,0.04781121082296453
3960115,30,1405.0,221.0,0.5075285507390863,27.0,0.01879735373107727
21443097,30,473.0,146.0,0.03953558040219119,27.0,0.0014642807556367109
8287704,30,858.0,221.0,0.12665075286370248,26.0,0.004871182802450095
17661707,30,2771.0,818.0,0.8387233288949804,26.0,0.03225858957288386
9551057,30,952.0,339.0,0.2657707122734603,26.0,0.010221950472056164
14458669,30,5371.0,1477.0,0.3569874239031706,25.0,0.014279496956126824
3892354,30,3860.0,829.0,0.4702593860068858,25.0,0.01881037544027543
24942663,30,2802.0,733.0,0.8397265066450875,25.0,0.0335890602658035
6316933,30,2340.0,601.0,0.4595517348054239,25.0,0.018382069392216954
10686810,30,2888.0,1021.0,0.4527719913460617,25.0,0.01811087965384247
26750599,30,2081.0,670.0,0.8750763202253132,24.0,0.03646151334272139
10321092,30,2158.0,830.0,0.7609219593944503,24.0,0.03170508164143543
9013587,30,16055.0,5394.0,3.1336004146604957,24.0,0.13056668394418733
21830168,30,7261.0,2648.0,1.8901014042414763,24.0,0.07875422517672818
23310435,30,3479.0,617.0,0.8606911987021829,24.0,0.03586213327925762
29036280,30,1005.0,377.0,0.38093893594624995,24.0,0.01587245566442708
15500294,30,9714.0,1633.0,1.5313371808241645,23.0,0.06657987742713758
18496278,30,1745.0,162.0,0.12355847694370926,23.0,0.005372107693204751
21898401,30,245.0,129.0,0.08451897404954811,23.0,0.003674738002154266
4466870,30,7170.0,1957.0,1.336191701659756,22.0,0.06073598643907982
19860994,30,3578.0,836.0,1.044755519797142,22.0,0.04748888726350646
30810420,30,9593.0,3033.0,1.3221448490873642,22.0,0.06009749314033474
28328731,30,1273.0,126.0,0.09821982453374359,22.0,0.004464537478806527
12987592,30,2067.0,696.0,0.4451435450412443,21.0,0.021197311668630682
7697146,30,2897.0,1049.0,0.5832818735811022,21.0,0.027775327313385816
6341185,30,1325.0,249.0,0.24600529130730217,21.0,0.011714537681300104
22296560,30,2139.0,730.0,1.0541945834602957,21.0,0.05019974206953789
27009843,30,2906.0,784.0,0.10381421827690299,19.0,0.005463906225100157
23254639,30,1555.0,649.0,0.2528825484426983,18.0,0.014049030469038794
1869938,30,2575.0,1178.0,0.8281049948639354,18.0,0.04600583304799641
13810178,30,943.0,376.0,0.5618694331682269,17.0,0.03305114312754276
4626334,30,5578.0,1749.0,1.1618767411501165,16.0,0.07261729632188228
9097334,30,5256.0,1195.0,0.5992489331427199,15.0,0.039949928876181325
25391297,30,1067.0,325.0,0.31362548850778577,15.0,0.02090836590051905
12474087,30,2450.0,809.0,0.7485652369544893,14.0,0.053468945496749236
13458070,30,2297.0,930.0,1.1152400093011714,14.0,0.07966000066436939
12843319,30,1874.0,901.0,0.5327283462313611,14.0,0.038052024730811505
13442441,30,127.0,24.0,0.006761745038249798,8.0,0.0008452181297812247
20443097,30,207.0,50.0,0.01299745330182089,6.0,0.0021662422169701485
20843295,30,1305.0,416.0,0.49015487292136783,4.0,0.12253871823034196
13442456,30,20.0,7.0,0.0020936460226243,3.0,0.0006978820075414332
